person,nationality
Q100153927,Q884
Q102176031,Q30
Q102176031,Q491559
Q102176031,Q503585
Q102225741,Q884
Q102266502,Q884
Q102267466,Q17
Q102311806,Q884
Q102344573,Q884
Q102438283,Q884
Q10265337,Q30
Q103175982,Q18097
Q103820496,Q884
Q104013199,Q17
Q104044292,Q884
Q104150525,Q884
Q104416379,Q884
Q104469789,Q884
Q104524450,Q30
Q104540906,Q884
Q104542739,Q884
Q10457763,Q884
Q104585577,Q884
Q104610498,Q142
Q10514933,Q884
Q105258245,Q884
Q105316438,Q884
Q105704925,Q884
Q105704946,Q884
Q105705314,Q884
Q105705317,Q884
Q105705503,Q884
Q105705613,Q884
Q105705900,Q884
Q105705914,Q884
Q105706047,Q884
Q105706367,Q884
Q105706774,Q884
Q105806997,Q884
Q105960413,Q884
Q1062006,Q423
Q106207040,Q884
Q106218304,Q884
Q106218355,Q884
Q10665,Q423
Q107109039,Q884
Q107109269,Q884
Q107109310,Q884
Q107109602,Q884
Q107109753,Q884
Q107409,Q884
Q107443498,Q884
Q107494309,Q884
Q1075512,Q884
Q107617686,Q884
Q107656933,Q148
Q107747135,Q884
Q107805133,Q884
Q1080180,Q884
Q108045004,Q884
Q108193090,Q884
Q108195481,Q884
Q10822153,Q884
Q10829234,Q881
Q108391826,Q884
Q10855139,Q884
Q10855140,Q884
Q10855787,Q884
Q10855821,Q503585
Q10855821,Q884
Q10855843,Q884
Q10855875,Q884
Q10855915,Q884
Q10855920,Q884
Q10855929,Q884
Q10855990,Q17
Q10855990,Q188712
Q10874903,Q28179
Q10874903,Q28208
Q108805691,Q884
Q108852060,Q884
Q108855430,Q30
Q109109100,Q884
Q1092288,Q423
Q109235775,Q884
Q109259136,Q884
Q109259270,Q884
Q109320880,Q8733
Q109354786,Q884
Q10941620,Q423
Q109455355,Q884
Q109456504,Q884
Q109457323,Q884
Q109536806,Q884
Q109564635,Q884
Q109651638,Q884
Q109679896,Q884
Q109801469,Q884
Q110010,Q28208
Q110052658,Q884
Q110114279,Q884
Q110115109,Q884
Q110116160,Q884
Q110117644,Q884
Q110117754,Q884
Q110117907,Q884
Q110118135,Q884
Q110124576,Q884
Q110125531,Q884
Q110125609,Q884
Q110184560,Q884
Q110184575,Q884
Q110253203,Q20
Q11040656,Q884
Q110456,Q423
Q110941547,Q884
Q110941701,Q884
Q110951880,Q884
Q11096031,Q28233
Q11096031,Q884
Q11097307,Q503585
Q111175072,Q884
Q111435239,Q884
Q111476092,Q884
Q111515429,Q884
Q111705680,Q884
Q111744887,Q884
Q111939793,Q18097
Q111940059,Q884
Q111990408,Q884
Q112021444,Q884
Q112023329,Q884
Q112023331,Q884
Q112023765,Q884
Q112023780,Q884
Q112027749,Q884
Q112027765,Q884
Q112027783,Q884
Q112027844,Q884
Q112027870,Q884
Q112037991,Q884
Q11223421,Q17
Q112240041,Q884
Q11242341,Q17
Q11243216,Q17
Q11243402,Q884
Q11243466,Q884
Q11244078,Q884
Q11250148,Q17
Q112550277,Q884
Q11256848,Q17
Q11263229,Q28179
Q11263229,Q28233
Q11264690,Q884
Q11264742,Q188712
Q11264742,Q28233
Q11264742,Q884
Q11266025,Q884
Q112660393,Q884
Q112660455,Q884
Q11266137,Q884
Q11266154,Q884
Q11266309,Q884
Q11266353,Q884
Q11266500,Q884
Q11266502,Q884
Q11267083,Q884
Q11267981,Q884
Q11270980,Q884
Q112737161,Q884
Q11274270,Q28179
Q112766857,Q884
Q112817112,Q869
Q11285292,Q884
Q11286019,Q884
Q11286457,Q884
Q11287136,Q884
Q11287830,Q884
Q11287831,Q884
Q11287837,Q884
Q112914681,Q884
Q112967934,Q884
Q112998760,Q884
Q113001490,Q884
Q113016052,Q884
Q113102499,Q884
Q113102510,Q884
Q113107197,Q884
Q113161633,Q30
Q11317852,Q884
Q11343022,Q884
Q11346187,Q884
Q113462158,Q884
Q113490152,Q884
Q113490399,Q884
Q113490470,Q884
Q113570071,Q884
Q113736989,Q884
Q113840,Q40
Q113840,Q884
Q11458090,Q17
Q11458090,Q188712
Q11477158,Q884
Q11477170,Q884
Q11477175,Q884
Q11477189,Q884
Q11485240,Q884
Q11485471,Q17
Q11485471,Q188712
Q114965644,Q884
Q114965646,Q884
Q11499920,Q17
Q11499920,Q18097
Q115011574,Q884
Q115039848,Q884
Q115134283,Q884
Q11521580,Q884
Q11521602,Q423
Q11521602,Q884
Q115515624,Q884
Q115528146,Q884
Q115528193,Q884
Q115528240,Q884
Q115528342,Q884
Q11556492,Q884
Q115641898,Q17
Q115641898,Q188712
Q115738570,Q884
Q11576213,Q17
Q11576213,Q188712
Q115773794,Q884
Q115773813,Q884
Q11578233,Q17
Q11578233,Q884
Q11578234,Q17
Q11578234,Q884
Q115803565,Q884
Q115803756,Q884
Q115803858,Q884
Q11598714,Q17
Q116040887,Q884
Q116040998,Q884
Q116213869,Q30
Q116286260,Q16
Q116286260,Q884
Q11629173,Q884
Q11644701,Q884
Q116448127,Q884
Q116456339,Q884
Q116456341,Q884
Q11646457,Q423
Q11646612,Q884
Q116467106,Q884
Q116467107,Q884
Q11647774,Q884
Q11656104,Q17
Q11661322,Q17
Q11663968,Q884
Q11664077,Q884
Q116652585,Q884
Q116694686,Q884
Q116694687,Q884
Q116694689,Q884
Q116694690,Q884
Q116694691,Q884
Q116763964,Q884
Q116766742,Q884
Q11677732,Q884
Q116785191,Q884
Q11682535,Q884
Q116873631,Q884
Q117012326,Q423
Q117042256,Q884
Q117133873,Q884
Q117133874,Q884
Q117133918,Q884
Q117234752,Q884
Q117289097,Q145
Q117325325,Q884
Q117373759,Q884
Q11739237,Q423
Q11739251,Q884
Q117419918,Q884
Q117433198,Q18097
Q117434741,Q884
Q117434860,Q884
Q117454264,Q884
Q1174767,Q30
Q117794486,Q884
Q117820470,Q884
Q117826932,Q18097
Q117826932,Q884
Q117826933,Q884
Q117827017,Q884
Q118127099,Q884
Q118127204,Q884
Q118127247,Q884
Q118185659,Q884
Q118185792,Q884
Q118185912,Q884
Q118482583,Q884
Q118494170,Q884
Q118611042,Q884
Q118646424,Q18097
Q1186566,Q28179
Q1186566,Q28233
Q1186566,Q503585
Q1186566,Q884
Q118796058,Q884
Q118796059,Q884
Q118796224,Q884
Q118796621,Q884
Q118796678,Q884
Q11880945,Q33
Q118994184,Q884
Q119431895,Q18097
Q119432001,Q884
Q119432003,Q884
Q119432277,Q884
Q119432893,Q884
Q119433166,Q884
Q119433218,Q884
Q1195195,Q884
Q119600171,Q884
Q119600178,Q18097
Q119600399,Q884
Q119613757,Q884
Q119713819,Q884
Q119714071,Q884
Q119717651,Q884
Q120197101,Q884
Q120356529,Q884
Q120486183,Q884
Q120562152,Q884
Q120562200,Q884
Q120703318,Q884
Q120960067,Q30
Q120960067,Q884
Q120962762,Q884
Q120973539,Q884
Q120973610,Q884
Q120973669,Q884
Q120994094,Q884
Q121077856,Q884
Q121271683,Q884
Q121271685,Q884
Q121271691,Q18097
Q121345032,Q884
Q12183626,Q28208
Q12183627,Q28208
Q12183628,Q28208
Q122138336,Q884
Q122138472,Q884
Q122138480,Q884
Q122367691,Q884
Q122394708,Q884
Q122394710,Q18097
Q122394710,Q884
Q122394711,Q18097
Q122394711,Q884
Q122394747,Q18097
Q122394747,Q884
Q122394748,Q18097
Q122394748,Q884
Q122609224,Q884
Q122626021,Q884
Q122641233,Q884
Q122762400,Q884
Q122766915,Q884
Q122766931,Q884
Q122780589,Q884
Q122848233,Q884
Q122848289,Q884
Q122928283,Q884
Q122945769,Q408
Q122945788,Q884
Q123156764,Q884
Q123157088,Q884
Q123157247,Q884
Q123157387,Q884
Q123241670,Q884
Q123241995,Q18097
Q123243678,Q28179
Q123310101,Q30
Q123310101,Q884
Q123399365,Q884
Q123523350,Q159
Q123523512,Q30
Q123532029,Q884
Q123594156,Q30
Q123701443,Q28233
Q123858212,Q17
Q123909199,Q884
Q123922619,Q884
Q123937759,Q884
Q123984505,Q884
Q123999836,Q884
Q123999841,Q884
Q123999851,Q884
Q124039356,Q884
Q124039365,Q884
Q124328296,Q884
Q124458399,Q884
Q124458412,Q884
Q124512816,Q884
Q124512848,Q884
Q124709161,Q884
Q124961755,Q884
Q124962310,Q884
Q124962367,Q18097
Q125121411,Q884
Q125173153,Q884
Q125251562,Q30
Q125449658,Q884
Q125473654,Q884
Q125487412,Q30
Q12582730,Q884
Q12582779,Q884
Q12582936,Q884
Q12582983,Q884
Q12583048,Q28179
Q12583048,Q28208
Q12583172,Q18097
Q12583172,Q423
Q12583245,Q28208
Q12583601,Q28179
Q12583609,Q28208
Q12583773,Q28179
Q12583773,Q28208
Q12583779,Q28179
Q12583807,Q28208
Q12583935,Q28208
Q12584207,Q884
Q12584230,Q884
Q12584306,Q884
Q12584350,Q884
Q12584419,Q884
Q12584842,Q18097
Q12584850,Q884
Q12584872,Q884
Q12585346,Q884
Q12585524,Q884
Q12585561,Q503585
Q12585561,Q884
Q12585567,Q503585
Q12585567,Q884
Q12585923,Q884
Q12586076,Q884
Q12586158,Q884
Q12586510,Q884
Q12586567,Q884
Q12586588,Q28179
Q12586767,Q28208
Q12586767,Q7313
Q12586843,Q884
Q12586861,Q28233
Q12586907,Q884
Q12586929,Q28179
Q12586961,Q884
Q12586991,Q18097
Q12587068,Q28179
Q12587113,Q884
Q12587187,Q28208
Q12587262,Q884
Q12587265,Q884
Q12587304,Q884
Q12587305,Q884
Q12587345,Q884
Q12587372,Q884
Q12587400,Q884
Q12587423,Q884
Q12587472,Q884
Q12587534,Q884
Q12587539,Q28208
Q12587612,Q503585
Q12587612,Q884
Q12587691,Q884
Q12587695,Q884
Q12587708,Q884
Q12587796,Q503585
Q12587796,Q884
Q12587806,Q884
Q12587821,Q884
Q12587863,Q884
Q12587869,Q884
Q12587913,Q884
Q12587932,Q884
Q12587936,Q884
Q12587958,Q884
Q12587966,Q884
Q12587988,Q884
Q12588035,Q884
Q12588041,Q884
Q12588056,Q503585
Q12588056,Q884
Q12588105,Q884
Q12588113,Q884
Q12588172,Q884
Q12588209,Q28233
Q12588209,Q503585
Q12588209,Q884
Q12588246,Q28179
Q12588246,Q28233
Q12588246,Q503585
Q12588246,Q884
Q12588365,Q884
Q12588400,Q884
Q12588422,Q884
Q12588463,Q884
Q12588486,Q884
Q12588541,Q28233
Q12588541,Q503585
Q12588541,Q884
Q12588577,Q884
Q12588578,Q884
Q12588583,Q884
Q12588638,Q884
Q12588648,Q18097
Q12588656,Q884
Q12588692,Q884
Q12588765,Q28179
Q12588765,Q28233
Q12588765,Q503585
Q12588765,Q884
Q12588789,Q884
Q12588796,Q884
Q12588811,Q884
Q12588836,Q884
Q12588840,Q884
Q12588854,Q884
Q12588862,Q884
Q12588865,Q884
Q12588946,Q884
Q12589040,Q884
Q12589044,Q884
Q12589061,Q884
Q12589081,Q884
Q12589148,Q884
Q12589236,Q884
Q12589246,Q884
Q12589306,Q884
Q12589318,Q884
Q12589320,Q884
Q12589329,Q884
Q12589333,Q884
Q12589360,Q884
Q12589492,Q28179
Q12589492,Q28233
Q12589492,Q503585
Q12589492,Q884
Q12589495,Q884
Q12589581,Q884
Q12589753,Q884
Q12589992,Q28179
Q12589992,Q28208
Q12590006,Q884
Q12590047,Q884
Q12590302,Q884
Q12590399,Q503585
Q12590399,Q884
Q12590406,Q884
Q12590416,Q884
Q12590443,Q884
Q12591493,Q28208
Q12592850,Q28179
Q12593111,Q28179
Q12593129,Q884
Q12593132,Q884
Q12593425,Q28208
Q12593614,Q884
Q12594295,Q884
Q12594317,Q884
Q12594913,Q30
Q12595703,Q884
Q12595795,Q884
Q12595813,Q28233
Q12595813,Q503585
Q12595813,Q884
Q12595851,Q884
Q12595907,Q884
Q12596179,Q28179
Q12596179,Q28208
Q12596201,Q28179
Q12596202,Q28179
Q12596204,Q28208
Q12596206,Q28179
Q12596226,Q28208
Q12596272,Q28179
Q12596272,Q28208
Q12596301,Q28208
Q12596321,Q884
Q12596521,Q884
Q12596572,Q884
Q12596610,Q884
Q12596616,Q884
Q12596619,Q884
Q12596685,Q503585
Q12596724,Q884
Q12596733,Q30623
Q12596733,Q884
Q12596800,Q884
Q12596829,Q28179
Q12596829,Q28233
Q12596829,Q503585
Q12596829,Q884
Q12596862,Q884
Q12596868,Q884
Q12596927,Q884
Q12596983,Q423
Q12596983,Q884
Q12596996,Q884
Q12597050,Q503585
Q12597050,Q884
Q12597070,Q884
Q12597146,Q884
Q12597152,Q884
Q12597193,Q884
Q12597195,Q884
Q12597196,Q884
Q12597217,Q884
Q12597257,Q884
Q12597258,Q884
Q12597340,Q884
Q12597350,Q884
Q12597420,Q28208
Q12597529,Q884
Q12597562,Q884
Q12597567,Q503585
Q12597567,Q884
Q12597571,Q884
Q12597573,Q884
Q12597615,Q884
Q12597726,Q884
Q12597730,Q884
Q12597820,Q884
Q12597876,Q188712
Q12597876,Q28233
Q12597876,Q884
Q12598177,Q884
Q12598212,Q28179
Q12598212,Q28208
Q12600889,Q18097
Q12601458,Q884
Q12601473,Q884
Q12601583,Q28179
Q12601620,Q188712
Q12601620,Q884
Q12601730,Q884
Q12601874,Q884
Q12601876,Q884
Q12601878,Q884
Q12601920,Q28179
Q12602380,Q30
Q12602626,Q28208
Q12602743,Q884
Q12602751,Q884
Q12602760,Q884
Q12602770,Q884
Q12602895,Q884
Q12602952,Q884
Q12602985,Q884
Q12603127,Q28179
Q12603484,Q28179
Q12604087,Q884
Q12604156,Q884
Q12604162,Q28179
Q12604162,Q28208
Q12604190,Q884
Q12604197,Q884
Q12604339,Q884
Q12604506,Q884
Q12604585,Q503585
Q12604585,Q884
Q12604595,Q884
Q12604649,Q884
Q12604653,Q884
Q12604738,Q884
Q12604838,Q884
Q12604869,Q884
Q12604953,Q884
Q12605541,Q884
Q12605549,Q503585
Q12605556,Q28179
Q12605642,Q884
Q12605888,Q884
Q12606356,Q884
Q12606380,Q884
Q12606391,Q884
Q12606468,Q28208
Q12606494,Q884
Q12606652,Q884
Q12606730,Q30
Q12607641,Q884
Q12607690,Q28208
Q12607850,Q884
Q12607934,Q884
Q12607942,Q884
Q12607979,Q28179
Q12607979,Q28233
Q12607979,Q503585
Q12608001,Q884
Q12608049,Q884
Q12608070,Q884
Q12608074,Q884
Q12608143,Q884
Q12608235,Q28179
Q12608407,Q28179
Q12608484,Q884
Q126085540,Q30
Q12609274,Q28179
Q12609274,Q28233
Q12609274,Q503585
Q12609274,Q884
Q12609300,Q503585
Q12609300,Q884
Q12609328,Q28179
Q12609328,Q28233
Q12609328,Q503585
Q12609328,Q884
Q12609329,Q28179
Q12609329,Q28233
Q12609329,Q503585
Q12609426,Q28179
Q12609426,Q28233
Q12609426,Q503585
Q12609551,Q884
Q12609690,Q884
Q12609695,Q884
Q12609776,Q884
Q12609867,Q884
Q12610079,Q884
Q12610164,Q884
Q12610168,Q884
Q12610212,Q884
Q12610215,Q884
Q12610256,Q884
Q12610262,Q884
Q12610274,Q884
Q12610322,Q884
Q12610323,Q884
Q12610328,Q884
Q12610329,Q884
Q12610338,Q28233
Q12610338,Q503585
Q12610338,Q884
Q12610401,Q884
Q12610403,Q884
Q12610411,Q884
Q12610421,Q884
Q12610447,Q884
Q12610476,Q18097
Q12610476,Q28179
Q12610478,Q28233
Q12610479,Q28179
Q12610479,Q28233
Q12610479,Q503585
Q12610481,Q28179
Q12610504,Q18097
Q12610509,Q884
Q12610537,Q28179
Q12610594,Q884
Q12610712,Q28179
Q12610712,Q28208
Q12610810,Q28179
Q12610831,Q884
Q12610845,Q884
Q12610846,Q884
Q12610869,Q884
Q12610901,Q884
Q12610944,Q188712
Q12610944,Q884
Q12610950,Q884
Q12611009,Q884
Q12611012,Q884
Q12611089,Q18097
Q12611089,Q884
Q12611257,Q30
Q12611257,Q884
Q12611319,Q28208
Q12611345,Q884
Q12611389,Q884
Q12611404,Q884
Q12611423,Q884
Q12611431,Q884
Q12611434,Q884
Q12611449,Q884
Q12611496,Q884
Q12611579,Q884
Q12611590,Q884
Q12611637,Q884
Q12611683,Q884
Q12611701,Q884
Q12611703,Q28208
Q12611818,Q884
Q12611911,Q884
Q12611977,Q18097
Q12611996,Q503585
Q12611996,Q884
Q12611999,Q28208
Q12612052,Q884
Q12612075,Q884
Q12612098,Q884
Q12612110,Q884
Q12612144,Q423
Q12612192,Q884
Q12612229,Q503585
Q12612298,Q884
Q12612345,Q884
Q12612362,Q884
Q12612399,Q884
Q12612419,Q28208
Q12612423,Q28208
Q12612424,Q28208
Q12612445,Q884
Q12612463,Q884
Q12612473,Q28179
Q12612480,Q884
Q12612502,Q503585
Q12612502,Q884
Q12612507,Q884
Q12612531,Q884
Q12612541,Q28208
Q12612563,Q884
Q12612573,Q884
Q12612576,Q884
Q12612583,Q884
Q12612620,Q28208
Q12612629,Q884
Q12612742,Q884
Q12612763,Q503585
Q12612763,Q884
Q12612821,Q28233
Q12612827,Q884
Q12612841,Q18097
Q12612843,Q884
Q12612881,Q884
Q12612902,Q28179
Q12612902,Q28208
Q12612933,Q884
Q12612970,Q503585
Q12612970,Q884
Q12613036,Q884
Q12613069,Q884
Q12613186,Q884
Q12613188,Q884
Q12613410,Q30
Q12613410,Q884
Q12613422,Q423
Q12613423,Q884
Q12613751,Q884
Q12613795,Q884
Q12613810,Q884
Q12613819,Q28233
Q12613819,Q503585
Q12613819,Q884
Q12613825,Q884
Q12613853,Q28179
Q12613866,Q884
Q12613890,Q28179
Q12613912,Q884
Q12613979,Q884
Q12613983,Q884
Q12614364,Q28179
Q12614364,Q28233
Q12614364,Q503585
Q12614364,Q884
Q12614470,Q28233
Q12614470,Q503585
Q12614470,Q884
Q12614474,Q884
Q12614533,Q884
Q12614574,Q28179
Q12614608,Q503585
Q12614608,Q884
Q12614610,Q884
Q12614665,Q884
Q12614683,Q884
Q12614710,Q503585
Q12614710,Q884
Q12614729,Q28179
Q12614742,Q884
Q12614771,Q884
Q12614774,Q884
Q12614782,Q884
Q12614963,Q884
Q12615050,Q884
Q12615117,Q503585
Q12615117,Q884
Q12615140,Q884
Q12615204,Q884
Q12615206,Q884
Q12615271,Q884
Q12615272,Q884
Q12615382,Q884
Q12615472,Q884
Q12615514,Q884
Q12615521,Q884
Q12615523,Q884
Q12615582,Q884
Q12615583,Q884
Q12615584,Q884
Q12615586,Q884
Q12615702,Q28179
Q12615719,Q28179
Q12615745,Q884
Q12615755,Q884
Q12615792,Q884
Q12615815,Q884
Q12615816,Q884
Q12615825,Q884
Q12615826,Q884
Q12615841,Q884
Q12615941,Q18097
Q12615983,Q884
Q12616026,Q884
Q12616038,Q884
Q12616106,Q884
Q12616132,Q503585
Q12616132,Q884
Q12616160,Q884
Q12616175,Q884
Q12616189,Q884
Q12616199,Q884
Q12616346,Q884
Q12616590,Q884
Q12616637,Q884
Q12616661,Q18097
Q12616687,Q884
Q12616720,Q884
Q12616843,Q884
Q12616878,Q884
Q12616934,Q28179
Q12616934,Q28208
Q12616953,Q884
Q12616984,Q503585
Q12616984,Q884
Q12617008,Q28179
Q12617008,Q28208
Q12617034,Q884
Q12617039,Q28233
Q12617042,Q884
Q12617140,Q884
Q12617149,Q884
Q12617166,Q884
Q12617992,Q884
Q12618100,Q503585
Q12618180,Q28179
Q12618258,Q884
Q12618513,Q884
Q12618516,Q884
Q12618531,Q503585
Q12618531,Q884
Q12618537,Q884
Q12618552,Q884
Q12618654,Q28208
Q12618764,Q884
Q12618981,Q28208
Q12619264,Q28208
Q12619282,Q28208
Q12619472,Q28179
Q12619482,Q884
Q12619525,Q884
Q12619615,Q884
Q12619640,Q884
Q12619791,Q503585
Q12619791,Q884
Q12619808,Q884
Q12619818,Q884
Q12619846,Q884
Q12619904,Q28208
Q12619928,Q884
Q12619929,Q884
Q12619946,Q884
Q126207848,Q884
Q12622440,Q884
Q12623928,Q18097
Q12623985,Q884
Q12623986,Q884
Q12624043,Q884
Q12624049,Q884
Q12624050,Q884
Q12624051,Q884
Q12624054,Q884
Q12624092,Q18097
Q12624092,Q28179
Q12624092,Q28233
Q12624092,Q503585
Q12624116,Q884
Q12624327,Q884
Q12624372,Q884
Q12624661,Q884
Q12624803,Q28179
Q12624803,Q28233
Q12624803,Q503585
Q12624803,Q884
Q12624812,Q884
Q12624816,Q884
Q12624825,Q28179
Q12624825,Q28233
Q12624825,Q503585
Q12624825,Q884
Q12624868,Q884
Q12624911,Q28179
Q12624994,Q884
Q12625077,Q503585
Q12625077,Q884
Q12625079,Q884
Q12625091,Q884
Q12625359,Q884
Q12625377,Q28233
Q12625419,Q884
Q12625444,Q884
Q12625503,Q884
Q12625538,Q884
Q12625541,Q884
Q12625765,Q884
Q12625798,Q884
Q12625854,Q884
Q12625857,Q423
Q12625928,Q28179
Q12626132,Q884
Q12626230,Q28208
Q126683810,Q884
Q126684135,Q884
Q126684243,Q884
Q126684247,Q884
Q126684410,Q884
Q126743048,Q884
Q126743759,Q884
Q126743763,Q884
Q126936619,Q503585
Q126936619,Q884
Q126936887,Q18097
Q126937178,Q884
Q126974531,Q884
Q127269267,Q884
Q127269286,Q884
Q127605666,Q884
Q1276156,Q884
Q127684719,Q884
Q127684742,Q28208
Q127689684,Q884
Q127689692,Q884
Q127691741,Q28179
Q127691741,Q28233
Q127691741,Q503585
Q127813637,Q884
Q127816710,Q884
Q127819773,Q884
Q1280778,Q423
Q12834850,Q884
Q128454,Q28233
Q128454,Q884
Q128805,Q884
Q128812698,Q884
Q129471,Q884
Q12963833,Q884
Q12964947,Q884
Q12965580,Q884
Q12966411,Q884
Q12966451,Q884
Q12966460,Q884
Q12969233,Q884
Q12970204,Q884
Q12972710,Q884
Q129811612,Q159
Q129812203,Q159
Q130029993,Q884
Q130181745,Q884
Q130181937,Q884
Q130181946,Q884
Q130182176,Q884
Q130192025,Q28233
Q130192069,Q884
Q130212655,Q884
Q130280994,Q884
Q130333062,Q884
Q130333064,Q884
Q130333065,Q884
Q130333622,Q30
Q130333622,Q884
Q130336191,Q884
Q130360428,Q884
Q130370356,Q423
Q130370356,Q884
Q130376187,Q884
Q130376188,Q884
Q130381190,Q884
Q130411748,Q18097
Q130540114,Q884
Q130540249,Q18097
Q130602726,Q884
Q130629970,Q884
Q130630040,Q884
Q130717393,Q18097
Q130717417,Q884
Q130720075,Q884
Q130726231,Q884
Q130806215,Q884
Q13099645,Q28208
Q131128354,Q408
Q131174655,Q884
Q131195713,Q884
Q131226562,Q884
Q131309015,Q884
Q131316099,Q884
Q131451173,Q884
Q131472201,Q884
Q131521403,Q884
Q131577236,Q884
Q131724647,Q884
Q131747508,Q884
Q131757948,Q884
Q131763578,Q884
Q131787311,Q884
Q131933141,Q884
Q131933301,Q18097
Q132431675,Q884
Q133090129,Q884
Q133090802,Q884
Q133255354,Q884
Q133255369,Q884
Q133458797,Q884
Q133667,Q188712
Q133667,Q884
Q133820802,Q884
Q133820861,Q884
Q133826258,Q884
Q133850234,Q884
Q133867239,Q884
Q133910478,Q884
Q133963592,Q884
Q133963766,Q884
Q133963819,Q884
Q133963821,Q884
Q133963952,Q884
Q133963998,Q884
Q133965434,Q884
Q13423737,Q884
Q134292882,Q884
Q134292883,Q884
Q134293009,Q884
Q134293388,Q884
Q134293476,Q884
Q134293478,Q884
Q134294425,Q884
Q134294455,Q884
Q134298897,Q884
Q134298918,Q884
Q134298972,Q884
Q134298973,Q884
Q134299101,Q884
Q134299478,Q884
Q134302393,Q884
Q134302698,Q884
Q134316129,Q884
Q134316159,Q884
Q13432221,Q884
Q134367147,Q884
Q134367152,Q884
Q134367167,Q28179
Q134367213,Q884
Q134367214,Q884
Q134367231,Q18097
Q134367247,Q884
Q134411657,Q884
Q134411774,Q884
Q134411914,Q18097
Q134436459,Q884
Q134457,Q884
Q134519981,Q884
Q134571070,Q884
Q134605970,Q884
Q134605975,Q884
Q134690763,Q884
Q134690881,Q884
Q134720212,Q884
Q134725678,Q884
Q134725687,Q884
Q134732875,Q884
Q134774891,Q884
Q13482021,Q884
Q134823104,Q884
Q134823137,Q884
Q134823206,Q884
Q134983941,Q884
Q134984002,Q884
Q134986685,Q884
Q134986686,Q884
Q134987154,Q884
Q134988353,Q884
Q135371199,Q884
Q135525753,Q884
Q13553537,Q884
Q135688280,Q884
Q13580246,Q884
Q135841043,Q884
Q135841151,Q37
Q135849774,Q884
Q135849777,Q884
Q135864833,Q884
Q135865399,Q884
Q135933544,Q884
Q136086493,Q884
Q136121491,Q884
Q136121644,Q884
Q136230984,Q884
Q136231226,Q30
Q136239348,Q884
Q136388093,Q884
Q136449328,Q884
Q136449489,Q884
Q136449621,Q29999
Q136449632,Q884
Q136449637,Q884
Q13646009,Q884
Q136461071,Q18097
Q136461071,Q28233
Q136461071,Q503585
Q136461071,Q884
Q136503728,Q28179
Q136558684,Q884
Q136562810,Q884
Q136562846,Q884
Q136643660,Q884
Q136643661,Q18097
Q136644064,Q884
Q136648454,Q884
Q136649837,Q884
Q136669351,Q884
Q136675074,Q884
Q136675078,Q884
Q136681476,Q884
Q136681494,Q884
Q136696989,Q884
Q136697518,Q188712
Q136697518,Q28179
Q136697518,Q28233
Q136697518,Q884
Q136697598,Q18097
Q136706462,Q18097
Q136706467,Q18097
Q136718410,Q884
Q136734229,Q884
Q136756830,Q884
Q136759975,Q18097
Q136759975,Q884
Q136765935,Q884
Q136880988,Q884
Q13701421,Q884
Q137174799,Q884
Q137184156,Q884
Q137184157,Q884
Q137288719,Q884
Q137288721,Q884
Q137289337,Q884
Q137292194,Q884
Q137299644,Q18097
Q137299658,Q18097
Q137299809,Q884
Q137441198,Q884
Q137609417,Q884
Q137644901,Q884
Q137645062,Q884
Q137715867,Q884
Q137753359,Q884
Q137753519,Q18097
Q137883513,Q252
Q137988741,Q884
Q138048,Q884
Q138133863,Q884
Q138303314,Q884
Q138304129,Q884
Q138326542,Q884
Q138326543,Q884
Q138326546,Q884
Q138326547,Q884
Q138326687,Q884
Q138326690,Q18097
Q138411001,Q884
Q138456306,Q884
Q138479600,Q884
Q138566545,Q884
Q138580548,Q884
Q138580549,Q884
Q138580550,Q884
Q138608090,Q884
Q138608091,Q18097
Q138608130,Q884
Q138776158,Q884
Q138851,Q884
Q138952695,Q884
Q139069352,Q884
Q13957114,Q884
Q139666153,Q884
Q139717678,Q884
Q139816129,Q884
Q140185451,Q884
Q140262208,Q884
Q140676845,Q884
Q140751960,Q884
Q14304,Q28179
Q14304,Q28208
Q14320941,Q218
Q14320941,Q884
Q14342,Q884
Q14345,Q482705
Q14345,Q884
Q14356,Q884
Q14362,Q884
Q14425626,Q884
Q14483063,Q884
Q14552393,Q423
Q14623809,Q884
Q14723581,Q884
Q1478446,Q884
Q14850145,Q884
Q14864448,Q423
Q15057674,Q884
Q1510259,Q55
Q15120995,Q884
Q15139424,Q28208
Q15294611,Q884
Q15344562,Q884
Q153611,Q183
Q153611,Q884
Q153778,Q884
Q1541644,Q148
Q155503,Q884
Q155739,Q884
Q15666746,Q884
Q15703547,Q884
Q15707513,Q884
Q15711594,Q884
Q15712054,Q884
Q15725272,Q884
Q15732940,Q28208
Q15788028,Q884
Q1580046,Q884
Q158056,Q183
Q158056,Q30
Q158056,Q884
Q15850993,Q884
Q1587695,Q884
Q15937927,Q423
Q15971448,Q884
Q15985300,Q884
Q16017432,Q884
Q16067759,Q188712
Q16067759,Q884
Q16068080,Q884
Q16068152,Q884
Q16068586,Q884
Q16068605,Q884
Q16068617,Q884
Q16068635,Q884
Q16070048,Q884
Q16071030,Q884
Q16079902,Q884
Q16079909,Q884
Q16079960,Q884
Q16079983,Q884
Q16080019,Q884
Q16080024,Q884
Q16080033,Q884
Q16080034,Q884
Q16080077,Q884
Q16080135,Q884
Q16080136,Q884
Q16080217,Q884
Q16080219,Q884
Q16080231,Q884
Q16080234,Q884
Q16080243,Q884
Q16080266,Q884
Q16080268,Q884
Q16080270,Q884
Q16080285,Q884
Q16080287,Q884
Q16080288,Q884
Q16080301,Q884
Q16080303,Q884
Q16080333,Q884
Q16080365,Q884
Q16080368,Q884
Q16080380,Q503585
Q16080380,Q884
Q16080384,Q884
Q16080415,Q884
Q16080421,Q884
Q16080532,Q884
Q16080552,Q884
Q16080674,Q884
Q16080717,Q884
Q16080760,Q884
Q16080834,Q884
Q16080982,Q884
Q16081058,Q884
Q16081153,Q188712
Q16081153,Q503585
Q16081153,Q884
Q16081413,Q884
Q16081587,Q884
Q16081621,Q884
Q16081747,Q503585
Q16081747,Q884
Q16081781,Q884
Q16081942,Q884
Q16082002,Q884
Q16082602,Q884
Q16082942,Q884
Q16083277,Q884
Q16083487,Q884
Q16084347,Q884
Q16084406,Q884
Q16084618,Q884
Q16084762,Q884
Q16084970,Q884
Q16085021,Q884
Q16090147,Q884
Q16090231,Q884
Q16090398,Q18097
Q16090420,Q884
Q16090431,Q884
Q16090573,Q884
Q16090635,Q884
Q16090675,Q884
Q16090681,Q884
Q16090711,Q884
Q16090742,Q503585
Q16090742,Q884
Q16090786,Q884
Q16090812,Q884
Q16090891,Q884
Q16090896,Q884
Q16090975,Q884
Q16090987,Q884
Q16090991,Q884
Q16091018,Q884
Q16091081,Q884
Q16091093,Q884
Q16091096,Q884
Q16091128,Q884
Q16091150,Q884
Q16091160,Q884
Q16091210,Q884
Q16091294,Q884
Q16091306,Q884
Q16091326,Q884
Q16091370,Q884
Q16091408,Q884
Q16091463,Q884
Q16091504,Q884
Q16091531,Q884
Q16091539,Q884
Q16091556,Q884
Q16091629,Q503585
Q16091629,Q884
Q16091631,Q884
Q16091679,Q884
Q16091786,Q884
Q16091843,Q884
Q16091847,Q884
Q16091888,Q884
Q16091894,Q884
Q16091900,Q884
Q16091951,Q884
Q16091964,Q884
Q16092009,Q884
Q16092068,Q884
Q16092070,Q884
Q16092077,Q884
Q16092094,Q884
Q16092153,Q884
Q16092160,Q884
Q16092163,Q884
Q16092273,Q884
Q16092482,Q884
Q16092562,Q884
Q16093226,Q884
Q16093283,Q884
Q16093399,Q884
Q16094364,Q884
Q16094920,Q884
Q16094944,Q884
Q16094998,Q884
Q16095602,Q503585
Q16095602,Q884
Q16096971,Q884
Q16097635,Q884
Q16097650,Q884
Q16097769,Q28179
Q16097769,Q28233
Q16097769,Q503585
Q16097769,Q884
Q16097900,Q28233
Q16097900,Q503585
Q16097900,Q884
Q16097986,Q884
Q16098012,Q423
Q16098012,Q884
Q16098259,Q28233
Q16098259,Q503585
Q16098259,Q884
Q16160030,Q884
Q16160132,Q1054923
Q16160132,Q884
Q16160910,Q884
Q16162707,Q503585
Q16162707,Q884
Q16163145,Q884
Q16163303,Q28179
Q16163642,Q884
Q16163854,Q28179
Q16163854,Q28208
Q16166065,Q884
Q16166404,Q28208
Q16168020,Q884
Q16168773,Q28208
Q16168961,Q18097
Q16168961,Q503585
Q16168972,Q884
Q16169209,Q18097
Q16169270,Q884
Q16169562,Q884
Q16169960,Q884
Q16170392,Q884
Q16170554,Q884
Q16170972,Q30
Q16170972,Q884
Q16171525,Q884
Q16171539,Q28233
Q16171539,Q503585
Q16171539,Q884
Q16171782,Q884
Q16171881,Q188712
Q16171881,Q28179
Q16171881,Q28233
Q16171980,Q503585
Q16171980,Q884
Q16172081,Q884
Q16172151,Q28208
Q16172178,Q503585
Q16172178,Q884
Q16172528,Q188712
Q16172528,Q28179
Q16172528,Q28233
Q16172528,Q503585
Q16172528,Q884
Q16172540,Q884
Q16172721,Q28179
Q16172944,Q884
Q16173139,Q884
Q16173161,Q28179
Q16173161,Q28208
Q16173236,Q884
Q16173248,Q884
Q16173390,Q884
Q16173477,Q884
Q16173576,Q884
Q16173605,Q28208
Q16173739,Q28179
Q16173860,Q28179
Q16173946,Q884
Q16174033,Q884
Q16174683,Q884
Q16175060,Q503585
Q16175060,Q884
Q16175110,Q28208
Q16175110,Q7313
Q16175314,Q884
Q16175372,Q503585
Q16175372,Q884
Q16175424,Q884
Q16175491,Q884
Q16176013,Q188712
Q16176013,Q423
Q16176035,Q884
Q16176070,Q884
Q16176116,Q884
Q16176119,Q423
Q16176230,Q884
Q16176271,Q28179
Q16176332,Q423
Q16176525,Q28179
Q16176680,Q423
Q16177000,Q884
Q16177020,Q18097
Q16177084,Q884
Q16177272,Q28179
Q16177272,Q28208
Q16177357,Q28179
Q16177365,Q884
Q16177384,Q884
Q16177475,Q884
Q16177510,Q884
Q16177593,Q884
Q16177650,Q884
Q16177672,Q884
Q16177787,Q884
Q16177870,Q884
Q16177903,Q884
Q16177963,Q884
Q16178213,Q884
Q16178287,Q884
Q16178449,Q884
Q16178590,Q884
Q16178657,Q28179
Q16178675,Q503585
Q16178675,Q884
Q16178678,Q884
Q16178686,Q884
Q16178789,Q28233
Q16178789,Q503585
Q16178789,Q884
Q16179029,Q28233
Q16179034,Q28179
Q16179113,Q28233
Q16179113,Q503585
Q16179113,Q884
Q16179206,Q503585
Q16179206,Q884
Q16179283,Q28179
Q16179287,Q28233
Q16179287,Q884
Q16179548,Q423
Q16179601,Q884
Q16179644,Q884
Q16179683,Q884
Q16179779,Q884
Q16179807,Q423
Q16180037,Q503585
Q16180037,Q884
Q16180284,Q28179
Q16180284,Q28208
Q16180324,Q28179
Q16180342,Q884
Q16180343,Q28208
Q16180421,Q884
Q16180564,Q884
Q16180796,Q884
Q16180926,Q28208
Q16181019,Q884
Q16181033,Q884
Q16181084,Q884
Q16181216,Q884
Q16181235,Q884
Q16181449,Q28179
Q16181449,Q28208
Q16181461,Q884
Q16181530,Q884
Q16181683,Q884
Q16181706,Q884
Q16181825,Q884
Q16181850,Q884
Q16181911,Q18097
Q16181942,Q28179
Q16182147,Q28179
Q16182288,Q884
Q16182428,Q28208
Q16182619,Q884
Q16182672,Q884
Q16182997,Q884
Q16183018,Q884
Q16183133,Q884
Q16183144,Q28179
Q16183607,Q884
Q16183634,Q884
Q16183695,Q884
Q16184169,Q884
Q16184470,Q884
Q16184707,Q28179
Q16184826,Q884
Q16184854,Q28208
Q16185153,Q28179
Q16187455,Q28179
Q16187455,Q28208
Q16189113,Q28208
Q16189313,Q884
Q16190028,Q884
Q16191908,Q884
Q16192929,Q30
Q16193195,Q884
Q16211707,Q884
Q16219820,Q884
Q16219872,Q503585
Q16219872,Q884
Q16219888,Q884
Q16220126,Q28208
Q16234741,Q884
Q16261175,Q884
Q16261176,Q884
Q16261253,Q884
Q16261543,Q884
Q16262161,Q17
Q16262161,Q884
Q16262186,Q423
Q16262220,Q884
Q16262234,Q18097
Q16262234,Q28179
Q16262273,Q884
Q16262561,Q884
Q16262587,Q884
Q165210,Q884
Q1656902,Q884
Q165698,Q884
Q16586322,Q884
Q16623783,Q884
Q16630731,Q884
Q16631014,Q884
Q16631360,Q884
Q166421,Q18097
Q166421,Q884
Q166531,Q884
Q16726313,Q503585
Q16726313,Q884
Q16726585,Q884
Q16731303,Q30
Q16766758,Q884
Q16766877,Q884
Q16767748,Q884
Q16767951,Q884
Q168567,Q884
Q16865202,Q884
Q16865218,Q28233
Q16875862,Q884
Q16880402,Q28179
Q16884066,Q18097
Q16904075,Q28208
Q169144,Q884
Q16920011,Q884
Q16929680,Q884
Q16978897,Q28179
Q16978911,Q28179
Q16978911,Q28208
Q1699586,Q884
Q17024880,Q884
Q17128303,Q884
Q17128390,Q884
Q171544,Q884
Q17157525,Q884
Q17158067,Q423
Q171684,Q28179
Q171684,Q28233
Q171684,Q28278
Q171684,Q884
Q17172288,Q884
Q17172386,Q884
Q171883,Q884
Q17189506,Q43
Q17189506,Q884
Q17189628,Q884
Q17213751,Q423
Q17217729,Q423
Q17238247,Q884
Q17238268,Q884
Q17278222,Q28208
Q17314245,Q28179
Q17314245,Q28208
Q17314305,Q884
Q17346080,Q884
Q17346805,Q884
Q17401428,Q884
Q17401456,Q884
Q1741520,Q423
Q1741525,Q423
Q1741601,Q884
Q17486963,Q884
Q17486965,Q884
Q17487449,Q884
Q17503492,Q884
Q17503946,Q884
Q17504093,Q503585
Q17504093,Q884
Q17504204,Q884
Q17682944,Q884
Q17682960,Q884
Q17963959,Q884
Q17964143,Q884
Q17964206,Q884
Q18013379,Q884
Q18070620,Q884
Q18116792,Q884
Q18142600,Q884
Q181993,Q423
Q18328683,Q884
Q18329053,Q884
Q18342477,Q884
Q18342480,Q884
Q18381077,Q884
Q18381120,Q884
Q18381259,Q884
Q18444053,Q884
Q18531275,Q884
Q18550343,Q884
Q18567207,Q884
Q18567368,Q884
Q18567542,Q884
Q18605676,Q884
Q18605750,Q884
Q18605825,Q884
Q18637915,Q884
Q18642273,Q884
Q18648106,Q884
Q18648189,Q884
Q18648443,Q884
Q18648469,Q884
Q18648496,Q884
Q18648498,Q884
Q186500,Q28233
Q18683774,Q884
Q18685050,Q884
Q18697706,Q884
Q18697707,Q884
Q18800,Q16
Q18800,Q884
Q18815392,Q503585
Q18815392,Q884
Q18815396,Q884
Q18815657,Q884
Q18815737,Q884
Q18914,Q884
Q18998408,Q28233
Q18998408,Q503585
Q18998408,Q884
Q18998572,Q884
Q18998869,Q884
Q18999044,Q503585
Q18999044,Q884
Q18999514,Q884
Q19161727,Q884
Q19161902,Q884
Q19161949,Q28179
Q19161949,Q28208
Q19161954,Q884
Q19162007,Q884
Q19162008,Q503585
Q19162008,Q884
Q192049,Q884
Q192111,Q188712
Q192111,Q28179
Q192111,Q28233
Q19349259,Q884
Q19349619,Q884
Q19349683,Q28179
Q19349683,Q28208
Q19349718,Q884
Q19349740,Q884
Q19359988,Q884
Q19407748,Q884
Q1953626,Q884
Q19561180,Q884
Q195795,Q188712
Q195795,Q28233
Q195795,Q884
Q19599201,Q884
Q19599257,Q884
Q19603625,Q884
Q196064,Q423
Q19657173,Q884
Q196640,Q884
Q196676,Q884
Q19794577,Q884
Q19794591,Q884
Q19794996,Q884
Q19854570,Q884
Q1990369,Q30
Q19939280,Q884
Q19939351,Q884
Q19940399,Q884
Q19940504,Q884
Q19940527,Q884
Q19940963,Q884
Q19941054,Q28233
Q19941054,Q503585
Q19941054,Q884
Q19941075,Q884
Q19941294,Q884
Q19941337,Q28208
Q19950258,Q884
Q20010816,Q884
Q20010819,Q884
Q20010831,Q884
Q20010834,Q884
Q20038611,Q17
Q20091438,Q884
Q20444202,Q884
Q20444697,Q884
Q20651852,Q28179
Q20685523,Q884
Q20780299,Q884
Q208203,Q884
Q20855604,Q884
Q20855638,Q884
Q20855789,Q503585
Q20855812,Q884
Q20859562,Q884
Q20995,Q884
Q21001,Q884
Q21005858,Q884
Q21040319,Q884
Q21057676,Q884
Q21058754,Q884
Q21059072,Q884
Q21059881,Q884
Q21059957,Q28208
Q21060153,Q503585
Q21060153,Q884
Q21060156,Q884
Q21060180,Q28208
Q21066055,Q884
Q21074800,Q884
Q21080730,Q884
Q21080999,Q884
Q21119944,Q884
Q211536,Q884
Q211648,Q884
Q211659,Q884
Q212990,Q884
Q213079,Q884
Q21337722,Q884
Q214259,Q28179
Q214259,Q28233
Q214259,Q884
Q21521682,Q28208
Q215737,Q28233
Q215737,Q503585
Q215737,Q884
Q21575632,Q884
Q21575735,Q884
Q21575797,Q884
Q2164635,Q36
Q21706962,Q884
Q21709735,Q884
Q21709737,Q884
Q21710255,Q28179
Q21710269,Q28179
Q21710292,Q884
Q21710370,Q43
Q21710370,Q884
Q21710408,Q884
Q21710417,Q884
Q21710482,Q884
Q21710535,Q884
Q21710537,Q884
Q21824806,Q884
Q21824996,Q148
Q21825102,Q28179
Q21825244,Q884
Q21825414,Q884
Q21825416,Q503585
Q21825416,Q884
Q21825445,Q28179
Q21825445,Q28233
Q21825445,Q503585
Q21825481,Q884
Q22100580,Q884
Q2233555,Q423
Q224639,Q884
Q22668495,Q884
Q22773742,Q884
Q229124,Q884
Q22952,Q884
Q22972967,Q884
Q22973104,Q884
Q22973121,Q884
Q22973139,Q884
Q22973147,Q884
Q22973163,Q884
Q22973178,Q884
Q22973181,Q884
Q22973436,Q884
Q22973715,Q884
Q22973717,Q884
Q22973872,Q884
Q22973900,Q884
Q22973916,Q884
Q22974006,Q884
Q22974406,Q884
Q22974650,Q884
Q22974658,Q884
Q22974712,Q884
Q22974719,Q884
Q22974724,Q28179
Q22974724,Q28208
Q22974740,Q884
Q22975015,Q884
Q22975111,Q884
Q23009367,Q884
Q2315679,Q884
Q232285,Q884
Q232449,Q884
Q232491,Q884
Q233371,Q884
Q233385,Q884
Q233889,Q884
Q233906,Q884
Q233911,Q30
Q233911,Q884
Q236485,Q884
Q23759211,Q884
Q237673,Q884
Q23939885,Q884
Q23994877,Q884
Q23994986,Q884
Q23994999,Q884
Q23995055,Q884
Q24000291,Q884
Q24000434,Q28179
Q24000434,Q28208
Q24000552,Q884
Q24000580,Q884
Q24000602,Q884
Q24000620,Q884
Q24000661,Q884
Q24000700,Q884
Q24000773,Q884
Q24087830,Q884
Q24238917,Q30
Q24251305,Q884
Q242651,Q884
Q24273241,Q884
Q24323646,Q884
Q24355800,Q28233
Q246167,Q884
Q24845052,Q503585
Q24845052,Q884
Q24846650,Q503585
Q24846650,Q884
Q24856057,Q884
Q24856074,Q884
Q24856176,Q884
Q24856209,Q884
Q24856218,Q884
Q24856417,Q503585
Q24856446,Q28208
Q24857647,Q884
Q24858167,Q884
Q24859999,Q28208
Q24860408,Q28208
Q24861296,Q18097
Q24861296,Q28179
Q24861439,Q884
Q24861830,Q884
Q24868670,Q884
Q249228,Q884
Q249469,Q884
Q25252530,Q884
Q25252545,Q17
Q25252795,Q884
Q2530,Q183
Q25374501,Q884
Q255420,Q884
Q25559386,Q884
Q256932,Q884
Q257425,Q18097
Q257425,Q28179
Q257425,Q28233
Q2598021,Q884
Q2600733,Q884
Q262520,Q884
Q26299233,Q423
Q26299233,Q884
Q263732,Q423
Q2644834,Q869
Q26689987,Q884
Q26701451,Q884
Q267493,Q884
Q269537,Q884
Q269742,Q884
Q26987447,Q884
Q27058672,Q884
Q270687,Q148
Q271067,Q423
Q27120433,Q28208
Q27120433,Q7313
Q27120602,Q28179
Q27120602,Q28208
Q27148079,Q28208
Q271566,Q423
Q272236,Q884
Q272329,Q884
Q27306309,Q884
Q27514522,Q884
Q277225,Q884
Q27824719,Q884
Q27906365,Q884
Q27951694,Q423
Q27951793,Q503585
Q27951895,Q884
Q27951939,Q28179
Q27951972,Q884
Q27951975,Q884
Q27951976,Q884
Q27951979,Q884
Q27952219,Q884
Q27952568,Q28179
Q27952967,Q884
Q27953283,Q884
Q27953288,Q884
Q27953298,Q884
Q27953366,Q884
Q27953889,Q884
Q27953939,Q28208
Q27953940,Q28208
Q27953994,Q884
Q27954112,Q28208
Q27954147,Q884
Q27954290,Q28208
Q27982975,Q884
Q28355519,Q503585
Q28355519,Q884
Q28357800,Q884
Q284094,Q884
Q28412571,Q884
Q28415860,Q884
Q28502606,Q884
Q28530017,Q884
Q2856212,Q884
Q28607727,Q884
Q28663892,Q884
Q28698461,Q28179
Q28698461,Q28208
Q28698466,Q28179
Q28698466,Q28208
Q28698535,Q884
Q28698539,Q884
Q28698692,Q884
Q28698781,Q884
Q28699036,Q884
Q28699292,Q884
Q28699503,Q28208
Q28699624,Q884
Q28699722,Q884
Q28700176,Q884
Q28700404,Q884
Q28700505,Q884
Q28920850,Q884
Q28920856,Q884
Q28966728,Q884
Q290926,Q884
Q292741,Q884
Q2947463,Q884
Q2948453,Q503585
Q296734,Q884
Q29841145,Q423
Q29881198,Q884
Q30068067,Q142
Q301761,Q15180
Q301761,Q423
Q302096,Q28208
Q30313912,Q884
Q30609413,Q28179
Q30609413,Q28233
Q30609413,Q503585
Q30609413,Q884
Q30609464,Q28233
Q30924817,Q17
Q30949603,Q884
Q310971,Q884
Q311219,Q148
Q31176611,Q884
Q31176632,Q884
Q31176758,Q884
Q31176842,Q884
Q31177219,Q884
Q31178499,Q884
Q31178589,Q884
Q31178641,Q884
Q31178662,Q884
Q31178702,Q884
Q31178879,Q884
Q31178898,Q884
Q31179278,Q30
Q31179278,Q884
Q31179301,Q884
Q31179316,Q884
Q31179364,Q884
Q31179433,Q503585
Q31179433,Q884
Q31179449,Q884
Q31179514,Q884
Q31179630,Q884
Q31179655,Q884
Q31180340,Q884
Q313083,Q884
Q313350,Q884
Q313968,Q884
Q315484,Q884
Q3156766,Q30
Q317824,Q29520
Q317824,Q423
Q318485,Q884
Q3196768,Q884
Q319920,Q884
Q319934,Q18097
Q319934,Q30
Q32059867,Q884
Q3251327,Q884
Q32538394,Q30
Q32729,Q884
Q33082981,Q884
Q332998,Q884
Q333042,Q884
Q333163,Q884
Q3332980,Q30
Q334111,Q28179
Q334111,Q28233
Q334297,Q188712
Q334297,Q28233
Q334297,Q423
Q334312,Q28208
Q334326,Q423
Q334504,Q884
Q335164,Q423
Q3365409,Q884
Q337019,Q884
Q3375326,Q884
Q3382230,Q28179
Q3382230,Q28208
Q339595,Q17
Q339595,Q188712
Q346751,Q884
Q347423,Q884
Q3484849,Q884
Q354638,Q884
Q3548661,Q884
Q35489793,Q884
Q356335,Q423
Q356335,Q884
Q3565110,Q884
Q356675,Q884
Q3571994,Q17
Q3571994,Q884
Q3572265,Q884
Q3615940,Q884
Q3659507,Q884
Q368516,Q884
Q368852,Q884
Q368892,Q28208
Q369119,Q423
Q3700561,Q884
Q3703166,Q884
Q3703167,Q884
Q3703171,Q884
Q371800,Q884
Q3724024,Q884
Q37682,Q28179
Q3776444,Q30
Q3776444,Q884
Q378483,Q28179
Q378483,Q28208
Q3786443,Q884
Q379396,Q865
Q379662,Q884
Q379667,Q423
Q380118,Q884
Q380121,Q884
Q380681,Q884
Q3814008,Q145
Q3816460,Q17
Q3816460,Q30
Q381845,Q884
Q38244065,Q884
Q384293,Q884
Q385795,Q423
Q386194,Q884
Q3890747,Q30
Q390099,Q884
Q39040353,Q884
Q39040354,Q503585
Q39040354,Q884
Q391400,Q884
Q391965,Q884
Q39498825,Q884
Q401464,Q884
Q402165,Q884
Q402179,Q884
Q4022738,Q884
Q40403425,Q148
Q41117,Q15180
Q41117,Q423
Q41117,Q503585
Q412449,Q423
Q4124884,Q884
Q4132779,Q884
Q41520899,Q15242873
Q41520899,Q423
Q41520899,Q503585
Q41520899,Q705044
Q41520899,Q884
Q41520985,Q15242873
Q41520985,Q423
Q41520985,Q503585
Q41520985,Q705044
Q41520985,Q884
Q42155021,Q16
Q4220654,Q884
Q42326418,Q884
Q42407184,Q884
Q42418509,Q884
Q4249195,Q884
Q4249879,Q884
Q4307061,Q884
Q4307062,Q884
Q43087486,Q884
Q43110888,Q884
Q43111132,Q884
Q4312720,Q18097
Q4312720,Q28179
Q43133525,Q884
Q4330912,Q423
Q433295,Q423
Q433383,Q884
Q433389,Q884
Q4334520,Q423
Q4342303,Q423
Q434562,Q17
Q4360796,Q188712
Q4360796,Q884
Q439435,Q884
Q439722,Q884
Q44121223,Q18097
Q4423246,Q884
Q44260,Q884
Q4429911,Q18097
Q44395499,Q17
Q444047,Q423
Q445643,Q884
Q4459305,Q28208
Q4463747,Q15180
Q4463747,Q217
Q4463747,Q884
Q446878,Q884
Q446878,Q96
Q4473743,Q884
Q449147,Q884
Q449397,Q884
Q449590,Q884
Q450195,Q503585
Q450195,Q884
Q4502171,Q884
Q4506047,Q159
Q4507937,Q884
Q4516989,Q884
Q4518437,Q884
Q4532603,Q884
Q4556301,Q884
Q456182,Q884
Q456408,Q423
Q456609,Q884
Q456828,Q148
Q457000,Q884
Q45785,Q884
Q459342,Q884
Q461374,Q884
Q46316315,Q884
Q463949,Q423
Q464372,Q884
Q464503,Q28179
Q464569,Q884
Q464574,Q884
Q464623,Q30
Q464623,Q884
Q465248,Q865
Q465263,Q884
Q465489,Q884
Q466457,Q423
Q466477,Q884
Q468467,Q884
Q468490,Q884
Q4688112,Q884
Q469387,Q28208
Q469396,Q28179
Q469396,Q28208
Q469415,Q884
Q469423,Q28208
Q469432,Q28179
Q4696245,Q884
Q4696249,Q884
Q470047,Q884
Q47004960,Q884
Q47090316,Q884
Q471135,Q423
Q4713069,Q30
Q471695,Q884
Q47354459,Q884
Q4749844,Q884
Q4749849,Q884
Q475420,Q39
Q47545729,Q884
Q47630454,Q884
Q47665866,Q884
Q47667470,Q884
Q47670274,Q423
Q48053717,Q884
Q48159708,Q884
Q482413,Q28233
Q482457,Q423
Q482615,Q884
Q482639,Q884
Q482645,Q423
Q482694,Q884
Q482708,Q884
Q482738,Q884
Q482783,Q884
Q482794,Q884
Q482814,Q884
Q482815,Q884
Q482817,Q884
Q482818,Q423
Q482826,Q884
Q482867,Q884
Q482877,Q884
Q482887,Q884
Q482889,Q884
Q482893,Q884
Q482900,Q18097
Q482900,Q28179
Q482910,Q884
Q482917,Q17
Q482917,Q188712
Q482917,Q28233
Q482922,Q18097
Q482957,Q884
Q482965,Q884
Q482991,Q884
Q483010,Q28179
Q483035,Q884
Q483105,Q17
Q483105,Q884
Q483117,Q884
Q483124,Q884
Q483128,Q884
Q483156,Q884
Q483214,Q423
Q483216,Q884
Q483218,Q884
Q483255,Q28179
Q483277,Q884
Q483344,Q884
Q483362,Q18097
Q483467,Q28179
Q483467,Q28208
Q483517,Q884
Q483537,Q884
Q483571,Q884
Q483578,Q884
Q483621,Q884
Q483661,Q884
Q483668,Q884
Q483683,Q884
Q483689,Q423
Q483773,Q884
Q483798,Q884
Q483800,Q423
Q483892,Q884
Q483908,Q28179
Q483908,Q28208
Q483926,Q884
Q483927,Q30
Q483953,Q884
Q483957,Q884
Q484002,Q18097
Q484002,Q28179
Q484002,Q28233
Q484024,Q884
Q484027,Q884
Q484095,Q884
Q4841248,Q884
Q484134,Q884
Q484157,Q17
Q484157,Q884
Q484197,Q884
Q484286,Q28208
Q484328,Q884
Q484366,Q884
Q484380,Q884
Q484399,Q884
Q484400,Q884
Q484403,Q884
Q484459,Q884
Q484484,Q884
Q484522,Q884
Q484526,Q884
Q484533,Q884
Q484560,Q884
Q484564,Q884
Q484572,Q884
Q484674,Q884
Q484751,Q884
Q484787,Q884
Q484824,Q28208
Q484828,Q884
Q484840,Q884
Q484856,Q884
Q484859,Q884
Q484866,Q17
Q484866,Q18097
Q484866,Q188712
Q484866,Q223050
Q484866,Q28233
Q484866,Q503585
Q484866,Q884
Q484886,Q884
Q4848967,Q884
Q484960,Q884
Q485015,Q884
Q485059,Q18097
Q485059,Q884
Q485078,Q884
Q485089,Q884
Q485168,Q884
Q485170,Q884
Q485183,Q884
Q485218,Q423
Q485283,Q884
Q485293,Q884
Q485308,Q884
Q485359,Q884
Q485387,Q884
Q485424,Q423
Q485466,Q884
Q4854979,Q884
Q485517,Q884
Q485556,Q28179
Q485556,Q28208
Q485560,Q884
Q485574,Q884
Q485578,Q28456
Q485587,Q28208
Q485604,Q28179
Q485622,Q423
Q485640,Q884
Q4857706,Q28179
Q485829,Q142
Q485829,Q884
Q485871,Q884
Q485894,Q884
Q485905,Q884
Q485911,Q884
Q486028,Q884
Q486074,Q884
Q486079,Q884
Q486134,Q884
Q486151,Q884
Q486177,Q884
Q486180,Q884
Q486234,Q28208
Q486241,Q884
Q486251,Q28179
Q486262,Q28208
Q486273,Q28179
Q486273,Q884
Q486331,Q884
Q486349,Q884
Q486369,Q884
Q486374,Q884
Q486377,Q884
Q486416,Q884
Q48645209,Q884
Q486518,Q884
Q486553,Q28208
Q486559,Q884
Q486569,Q884
Q486594,Q884
Q486599,Q884
Q486611,Q884
Q486627,Q884
Q486635,Q884
Q486644,Q884
Q486681,Q884
Q486706,Q884
Q486714,Q884
Q486847,Q884
Q486900,Q884
Q486959,Q884
Q486995,Q884
Q487020,Q884
Q487187,Q884
Q487273,Q188712
Q487273,Q28233
Q487273,Q423
Q487275,Q188712
Q487275,Q884
Q487289,Q423
Q487293,Q884
Q487301,Q884
Q487323,Q884
Q487340,Q884
Q487406,Q884
Q487550,Q18097
Q487728,Q884
Q487876,Q884
Q487885,Q884
Q487979,Q884
Q488015,Q884
Q488025,Q884
Q488038,Q884
Q488093,Q884
Q488106,Q884
Q488312,Q884
Q488446,Q884
Q488500,Q28208
Q488600,Q884
Q4886557,Q884
Q4886630,Q884
Q488666,Q28208
Q488670,Q28179
Q488670,Q28208
Q4886783,Q884
Q4886819,Q884
Q4886857,Q884
Q4886893,Q884
Q4886935,Q503585
Q4886935,Q884
Q488697,Q28208
Q488700,Q28179
Q488700,Q28208
Q488742,Q884
Q488752,Q28179
Q488752,Q28233
Q488752,Q503585
Q488817,Q884
Q488866,Q884
Q489006,Q884
Q489036,Q884
Q489067,Q884
Q4890851,Q884
Q489091,Q884
Q489173,Q884
Q489279,Q18097
Q489290,Q884
Q489323,Q884
Q489462,Q884
Q489475,Q884
Q489575,Q884
Q489667,Q30
Q489667,Q884
Q489681,Q884
Q489737,Q188712
Q489737,Q884
Q489778,Q28233
Q4898176,Q884
Q489867,Q884
Q489874,Q884
Q489934,Q884
Q489952,Q884
Q490001,Q28179
Q490001,Q28233
Q490114,Q884
Q490120,Q884
Q490130,Q884
Q490170,Q884
Q490192,Q884
Q4902026,Q884
Q490410,Q884
Q490822,Q423
Q490905,Q884
Q490938,Q884
Q491013,Q884
Q491079,Q7313
Q491095,Q884
Q491143,Q884
Q491240,Q18097
Q491363,Q884
Q491392,Q884
Q491397,Q884
Q491419,Q884
Q491482,Q884
Q491555,Q884
Q491580,Q884
Q49161810,Q884
Q491750,Q884
Q491763,Q884
Q491807,Q884
Q492243,Q884
Q49249362,Q28208
Q4924955,Q28208
Q49249599,Q28208
Q492515,Q884
Q492582,Q884
Q492666,Q884
Q492756,Q884
Q492802,Q884
Q492997,Q884
Q493021,Q884
Q493026,Q884
Q493090,Q884
Q493135,Q423
Q493135,Q884
Q4933167,Q503585
Q4933167,Q884
Q493322,Q884
Q4933414,Q28179
Q4933414,Q28233
Q4933414,Q503585
Q4934381,Q884
Q493455,Q884
Q4934656,Q884
Q4935074,Q884
Q4935136,Q884
Q4935400,Q188712
Q4935400,Q884
Q4935583,Q28233
Q4935583,Q423
Q4935583,Q503585
Q4935832,Q884
Q493597,Q884
Q4936066,Q884
Q493659,Q28208
Q493691,Q884
Q493692,Q28208
Q493752,Q28208
Q493857,Q884
Q493891,Q884
Q493893,Q28208
Q493901,Q884
Q493930,Q28208
Q493946,Q28208
Q493995,Q423
Q493995,Q884
Q494074,Q28208
Q494097,Q884
Q494144,Q28179
Q494144,Q28233
Q494144,Q503585
Q494190,Q884
Q494222,Q884
Q494239,Q884
Q494290,Q884
Q494334,Q142
Q494334,Q16
Q494412,Q884
Q494431,Q884
Q494507,Q423
Q494507,Q503585
Q494507,Q884
Q494513,Q884
Q494535,Q28233
Q494535,Q884
Q494597,Q423
Q494662,Q884
Q494705,Q30
Q494705,Q884
Q494712,Q18097
Q494787,Q28179
Q494787,Q884
Q494851,Q884
Q494856,Q884
Q494880,Q884
Q494996,Q884
Q495000,Q884
Q495069,Q884
Q495407,Q884
Q495454,Q188712
Q495454,Q28179
Q495454,Q28233
Q495454,Q884
Q495463,Q884
Q495480,Q423
Q495505,Q423
Q495510,Q884
Q495636,Q28208
Q495668,Q30
Q495668,Q884
Q495748,Q884
Q495792,Q423
Q495870,Q884
Q4958801,Q884
Q495890,Q884
Q495964,Q28208
Q495980,Q884
Q496004,Q423
Q496008,Q884
Q496041,Q884
Q496051,Q884
Q496092,Q884
Q496138,Q884
Q496170,Q884
Q496205,Q484370
Q496205,Q503585
Q496210,Q884
Q496237,Q30
Q496252,Q423
Q496310,Q884
Q496318,Q884
Q496356,Q884
Q496384,Q884
Q496386,Q884
Q496413,Q884
Q496421,Q17
Q496421,Q188712
Q496429,Q884
Q496439,Q884
Q496466,Q884
Q496491,Q884
Q496501,Q884
Q496509,Q884
Q496572,Q884
Q496594,Q884
Q496599,Q423
Q496627,Q884
Q496634,Q18097
Q496660,Q884
Q496679,Q884
Q496753,Q28179
Q496753,Q28208
Q4967613,Q423
Q496799,Q28208
Q4968027,Q884
Q4968085,Q28179
Q4968217,Q503585
Q4968217,Q884
Q496828,Q28233
Q496828,Q884
Q496842,Q884
Q496868,Q884
Q496948,Q28208
Q496994,Q884
Q497083,Q28208
Q497120,Q28208
Q497141,Q188712
Q497141,Q30
Q497141,Q423
Q497141,Q884
Q497151,Q884
Q497174,Q188712
Q497174,Q884
Q4971884,Q884
Q497270,Q884
Q497301,Q884
Q497392,Q28208
Q497404,Q884
Q497413,Q28208
Q497438,Q28208
Q497473,Q28208
Q497507,Q28208
Q497690,Q884
Q497693,Q884
Q497736,Q29999
Q497736,Q884
Q4977825,Q884
Q497785,Q884
Q4978038,Q884
Q498050,Q884
Q498053,Q884
Q498199,Q884
Q498243,Q884
Q498285,Q884
Q498343,Q884
Q4984536,Q884
Q498489,Q884
Q498707,Q28179
Q498707,Q28208
Q498713,Q28208
Q498905,Q884
Q4991750,Q884
Q4991757,Q28179
Q4991767,Q503585
Q4991776,Q884
Q4991786,Q503585
Q4991790,Q18097
Q4991790,Q423
Q4991802,Q17
Q4991802,Q884
Q4991827,Q884
Q4991838,Q884
Q4991844,Q423
Q4991850,Q423
Q4991863,Q423
Q4991863,Q884
Q4991864,Q18097
Q49967735,Q884
Q5004185,Q884
Q5004676,Q884
Q50357191,Q884
Q50420882,Q884
Q5045600,Q884
Q50603,Q884
Q50606,Q884
Q50641143,Q17
Q5065940,Q884
Q5065953,Q884
Q5067733,Q884
Q5071589,Q884
Q5071609,Q884
Q5071636,Q884
Q5071680,Q884
Q5071686,Q884
Q50973131,Q884
Q51024,Q503585
Q51029,Q17
Q51029,Q188712
Q51029,Q223050
Q51029,Q884
Q5103329,Q884
Q5103342,Q884
Q5103384,Q884
Q5103799,Q28208
Q5103802,Q28208
Q5103864,Q884
Q5103876,Q884
Q5103886,Q884
Q5103888,Q884
Q5103902,Q884
Q5103923,Q884
Q5103936,Q884
Q5103939,Q884
Q5103979,Q884
Q5103998,Q884
Q5115173,Q884
Q5116286,Q884
Q513352,Q423
Q516158,Q423
Q517090,Q884
Q51954789,Q30
Q52041837,Q28513
Q52041837,Q30
Q5249793,Q884
Q5257517,Q159
Q5285889,Q884
Q52990877,Q884
Q5354467,Q423
Q5356443,Q884
Q5360259,Q30
Q5360259,Q884
Q541255,Q884
Q54348,Q884
Q54351,Q884
Q54868073,Q18097
Q54868073,Q423
Q54981960,Q884
Q54981984,Q884
Q553052,Q884
Q55616008,Q423
Q55694544,Q884
Q55727984,Q884
Q55728067,Q884
Q55728172,Q884
Q55728317,Q884
Q55728429,Q18097
Q55728630,Q884
Q55728779,Q884
Q55728795,Q884
Q55729670,Q884
Q55729676,Q884
Q55729811,Q884
Q55730002,Q884
Q55730170,Q884
Q55730792,Q884
Q55730897,Q884
Q55731282,Q884
Q55731749,Q884
Q55732193,Q884
Q55732720,Q884
Q55732903,Q884
Q55733169,Q884
Q55733398,Q503585
Q55733398,Q884
Q55733450,Q884
Q55733473,Q884
Q55733700,Q884
Q55733843,Q884
Q55734052,Q884
Q55734065,Q884
Q55734183,Q884
Q55735663,Q884
Q55735777,Q884
Q55735806,Q884
Q55736005,Q28179
Q55736005,Q28208
Q55736105,Q884
Q55736106,Q884
Q55737080,Q884
Q55737306,Q28179
Q5610843,Q884
Q562189,Q884
Q56226,Q423
Q56236767,Q884
Q562453,Q884
Q562516,Q28233
Q562516,Q884
Q56251726,Q884
Q56256518,Q884
Q562683,Q884
Q56274053,Q30
Q56274053,Q884
Q562837,Q884
Q56325414,Q884
Q5636423,Q884
Q5636447,Q884
Q56432609,Q884
Q56432838,Q884
Q56432855,Q884
Q56433189,Q884
Q56433211,Q884
Q56433228,Q884
Q56433230,Q884
Q56433373,Q884
Q56433792,Q884
Q56434241,Q884
Q56434316,Q884
Q56434331,Q884
Q56434339,Q884
Q56434585,Q884
Q56434653,Q884
Q56434662,Q884
Q56434882,Q884
Q56434915,Q884
Q56434940,Q884
Q56434961,Q884
Q56434988,Q884
Q56435674,Q884
Q56435719,Q884
Q56435849,Q884
Q56435874,Q884
Q56435884,Q884
Q56435896,Q884
Q56441583,Q884
Q56441616,Q884
Q5646626,Q884
Q5646649,Q884
Q56476186,Q884
Q5648797,Q30
Q56489891,Q884
Q56516033,Q884
Q56516034,Q884
Q56526044,Q884
Q56526069,Q884
Q56526124,Q884
Q56526162,Q884
Q56526265,Q884
Q56651387,Q884
Q56651392,Q884
Q56651402,Q884
Q56651406,Q884
Q56651409,Q884
Q56651414,Q884
Q56651426,Q884
Q56651436,Q884
Q56651440,Q884
Q56651443,Q884
Q56651459,Q884
Q56651460,Q884
Q56651465,Q884
Q56651484,Q884
Q56651501,Q28179
Q56651529,Q884
Q56651533,Q884
Q56651569,Q884
Q56651577,Q884
Q56651591,Q884
Q56651602,Q28179
Q56651606,Q884
Q56651613,Q884
Q56651616,Q884
Q56651618,Q884
Q56651624,Q884
Q56654997,Q884
Q56655008,Q884
Q56655692,Q884
Q56655703,Q884
Q56660168,Q884
Q56660170,Q884
Q56660174,Q884
Q56691094,Q884
Q56691163,Q884
Q56697751,Q884
Q56697773,Q884
Q56697812,Q884
Q56697977,Q884
Q56698231,Q884
Q56698261,Q884
Q56698591,Q884
Q56701923,Q884
Q56701926,Q884
Q56701967,Q884
Q56701970,Q884
Q56701982,Q884
Q56702004,Q884
Q56702008,Q884
Q56702017,Q884
Q56702025,Q884
Q56803750,Q884
Q56803806,Q884
Q56803821,Q884
Q56803895,Q884
Q56803925,Q884
Q56803991,Q884
Q56804102,Q884
Q56804206,Q884
Q56804266,Q884
Q56804332,Q884
Q56804500,Q28179
Q56804500,Q884
Q56804591,Q884
Q56804639,Q884
Q56804650,Q884
Q56804661,Q884
Q56804679,Q28179
Q56804679,Q884
Q56804778,Q884
Q56804986,Q884
Q56805103,Q884
Q56805128,Q884
Q56805325,Q884
Q56805362,Q884
Q56805419,Q884
Q56805535,Q884
Q56805596,Q884
Q56805765,Q884
Q56805801,Q884
Q56805915,Q884
Q56805962,Q884
Q56806003,Q884
Q56812282,Q884
Q56812296,Q884
Q56812299,Q884
Q56812321,Q884
Q56812340,Q884
Q56812348,Q884
Q56812368,Q884
Q56812371,Q884
Q56812378,Q884
Q56812387,Q884
Q56812390,Q884
Q56812396,Q884
Q56812411,Q884
Q56812420,Q884
Q56812422,Q884
Q56812546,Q884
Q56812605,Q884
Q56812740,Q884
Q56812818,Q884
Q56812948,Q884
Q56813013,Q884
Q56813047,Q884
Q56813111,Q884
Q56813153,Q884
Q56813237,Q884
Q56813602,Q884
Q56813718,Q884
Q56813876,Q884
Q56815966,Q28179
Q56818408,Q423
Q56818863,Q884
Q56824863,Q884
Q56825125,Q884
Q56825320,Q884
Q56825321,Q884
Q56825326,Q884
Q56827418,Q28179
Q56827444,Q884
Q56827483,Q884
Q56827501,Q884
Q56827588,Q884
Q56827778,Q884
Q56830924,Q884
Q56830932,Q884
Q56831965,Q884
Q56832144,Q884
Q56832175,Q884
Q56832490,Q884
Q56832633,Q884
Q56832838,Q884
Q56833272,Q884
Q56833518,Q884
Q56833651,Q884
Q56839624,Q884
Q56839651,Q884
Q56839654,Q884
Q56839658,Q884
Q56839676,Q884
Q56839723,Q884
Q56839751,Q884
Q56839801,Q884
Q56839869,Q884
Q56884240,Q503585
Q56884240,Q884
Q56884247,Q884
Q56884250,Q503585
Q56884250,Q884
Q56884259,Q884
Q57019606,Q884
Q57023836,Q884
Q57024936,Q884
Q57025666,Q884
Q57027438,Q884
Q57027600,Q884
Q57073408,Q884
Q57073502,Q884
Q57156908,Q884
Q57167441,Q28179
Q57169979,Q16
Q57169979,Q29999
Q57171362,Q884
Q57263361,Q28179
Q57263501,Q503585
Q57263543,Q884
Q57263585,Q884
Q57263759,Q884
Q57265988,Q884
Q57266024,Q884
Q57266067,Q884
Q57266144,Q884
Q57266167,Q884
Q57266190,Q884
Q57266300,Q884
Q57267525,Q884
Q57267582,Q884
Q57267805,Q884
Q57267861,Q884
Q57267924,Q884
Q57268048,Q884
Q57268120,Q884
Q57268181,Q884
Q57312654,Q28233
Q57312654,Q503585
Q57312654,Q884
Q57312662,Q884
Q57312677,Q884
Q5731547,Q884
Q57599081,Q884
Q57599098,Q884
Q578141,Q884
Q58097409,Q884
Q58217785,Q30
Q58476377,Q884
Q58476561,Q884
Q5872246,Q17
Q58862215,Q884
Q58900826,Q884
Q5894111,Q884
Q5920126,Q30
Q59299044,Q884
Q59382180,Q884
Q5951894,Q884
Q5951977,Q884
Q59594051,Q884
Q59594486,Q884
Q5959724,Q884
Q5962495,Q884
Q59749624,Q884
Q59750243,Q30
Q59750243,Q884
Q60327554,Q884
Q60467659,Q884
Q60500537,Q159
Q60608380,Q884
Q60728861,Q884
Q60828153,Q884
Q60829936,Q884
Q60831979,Q884
Q60963000,Q884
Q61090968,Q28208
Q61090972,Q28208
Q61091222,Q28179
Q61091222,Q28208
Q61091619,Q28208
Q61098278,Q28208
Q61099385,Q884
Q61100362,Q884
Q61100567,Q503585
Q61100567,Q884
Q61101096,Q28179
Q61101096,Q28233
Q61101096,Q503585
Q61101096,Q884
Q61360308,Q884
Q6153255,Q16
Q6153892,Q884
Q61655609,Q884
Q616590,Q884
Q61715236,Q30
Q61715236,Q884
Q61716898,Q884
Q6180265,Q28208
Q61827783,Q884
Q61959822,Q884
Q62018095,Q884
Q6204338,Q884
Q6204475,Q884
Q623475,Q884
Q623495,Q884
Q623514,Q188712
Q623514,Q28233
Q623514,Q423
Q623514,Q884
Q623521,Q884
Q623552,Q884
Q623616,Q884
Q623627,Q884
Q623646,Q884
Q623681,Q884
Q623705,Q18097
Q623737,Q884
Q623803,Q884
Q623856,Q884
Q623858,Q423
Q62396988,Q884
Q624109,Q884
Q624135,Q884
Q624195,Q884
Q624211,Q884
Q624253,Q884
Q624322,Q884
Q624351,Q884
Q624392,Q423
Q624394,Q884
Q624401,Q884
Q624445,Q884
Q624491,Q188712
Q624491,Q28179
Q624491,Q28233
Q624491,Q423
Q624515,Q884
Q624523,Q884
Q624531,Q884
Q624651,Q884
Q624665,Q884
Q624726,Q884
Q624742,Q423
Q624742,Q884
Q624781,Q884
Q624795,Q884
Q624924,Q884
Q624943,Q884
Q625046,Q884
Q625087,Q884
Q625089,Q18097
Q625096,Q884
Q625144,Q884
Q625199,Q884
Q625212,Q884
Q625225,Q18097
Q625230,Q884
Q625257,Q884
Q625291,Q884
Q625336,Q423
Q625389,Q884
Q625445,Q884
Q625487,Q884
Q625489,Q884
Q625508,Q884
Q625517,Q884
Q625534,Q884
Q625547,Q884
Q625555,Q884
Q625567,Q28208
Q625567,Q699871
Q625609,Q884
Q625630,Q188712
Q625630,Q884
Q625650,Q884
Q625715,Q28208
Q625732,Q884
Q625766,Q884
Q625786,Q884
Q625788,Q188712
Q625788,Q28233
Q625788,Q884
Q625815,Q188712
Q625815,Q28233
Q625815,Q884
Q625821,Q884
Q625834,Q884
Q625849,Q884
Q625870,Q884
Q625931,Q18097
Q625931,Q28179
Q625938,Q188712
Q625938,Q28179
Q625938,Q28233
Q625938,Q884
Q625944,Q884
Q626073,Q884
Q626074,Q884
Q626092,Q884
Q626113,Q884
Q626249,Q884
Q626273,Q884
Q626438,Q884
Q626461,Q28179
Q626461,Q28208
Q626466,Q28208
Q626491,Q30
Q626491,Q884
Q626601,Q188712
Q626601,Q28179
Q626601,Q28233
Q626601,Q884
Q626615,Q884
Q626644,Q884
Q626667,Q884
Q626718,Q884
Q626739,Q884
Q626819,Q884
Q626991,Q884
Q63017331,Q884
Q6312600,Q884
Q6312637,Q884
Q6312662,Q884
Q63378998,Q884
Q6362185,Q884
Q6362187,Q884
Q6362253,Q884
Q6362264,Q884
Q63791275,Q884
Q63943139,Q884
Q63964279,Q884
Q63964711,Q884
Q6408371,Q884
Q6408412,Q884
Q6408543,Q884
Q6408647,Q884
Q6408665,Q884
Q6408770,Q884
Q6408801,Q884
Q6408844,Q884
Q6408870,Q884
Q6408879,Q884
Q6408910,Q884
Q6409055,Q884
Q6409334,Q28208
Q6409364,Q884
Q6409680,Q884
Q6409686,Q884
Q6420543,Q884
Q6424117,Q884
Q6425991,Q884
Q6430820,Q884
Q6450322,Q884
Q64514802,Q884
Q64918664,Q884
Q64921508,Q884
Q64921515,Q884
Q65030840,Q884
Q65060693,Q884
Q65115372,Q145
Q6513165,Q884
Q6513549,Q884
Q6513744,Q884
Q6514127,Q884
Q6514303,Q884
Q6514388,Q884
Q6515011,Q30
Q6515011,Q884
Q6515185,Q884
Q6515558,Q884
Q65238835,Q884
Q65250332,Q503585
Q65269472,Q28233
Q65269472,Q503585
Q65269472,Q884
Q65291611,Q884
Q65296762,Q423
Q65296920,Q423
Q65296920,Q884
Q65309452,Q28179
Q65581103,Q884
Q6610677,Q884
Q6617014,Q884
Q6617244,Q884
Q66362758,Q884
Q6652730,Q884
Q6652976,Q884
Q66685126,Q884
Q6668980,Q884
Q6673667,Q28179
Q6679138,Q884
Q6679200,Q884
Q6682161,Q884
Q6682314,Q884
Q6685856,Q884
Q6694102,Q884
Q6699528,Q28179
Q6699528,Q28233
Q6711063,Q884
Q6711159,Q884
Q6732223,Q28208
Q6743293,Q28208
Q6745643,Q17
Q6747187,Q884
Q6747264,Q884
Q6762628,Q423
Q6776261,Q884
Q6776454,Q884
Q6779816,Q28179
Q6779816,Q28233
Q6781666,Q884
Q6781730,Q884
Q6781815,Q884
Q6781992,Q884
Q6783126,Q884
Q6783577,Q884
Q6784013,Q884
Q6784089,Q884
Q6784157,Q28179
Q6784157,Q503585
Q6784197,Q884
Q6788865,Q28179
Q6791544,Q503585
Q6791544,Q884
Q6793594,Q28208
Q6793625,Q28208
Q6796230,Q884
Q6811459,Q884
Q6811775,Q884
Q68123169,Q884
Q6820869,Q884
Q6822380,Q884
Q6824112,Q884
Q6824264,Q884
Q6824297,Q423
Q6849693,Q884
Q6853641,Q884
Q6853912,Q28179
Q6853912,Q28208
Q6862536,Q884
Q6874759,Q30
Q6930436,Q28208
Q6956410,Q884
Q6956451,Q884
Q6958033,Q252
Q6958033,Q408
Q6961101,Q884
Q69696963,Q884
Q69697020,Q884
Q69697161,Q884
Q69697221,Q884
Q69697335,Q142
Q699503,Q28208
Q699513,Q28208
Q702565,Q423
Q704280,Q28208
Q704283,Q28208
Q704568,Q28208
Q705212,Q423
Q705218,Q423
Q705869,Q881
Q7083270,Q884
Q709498,Q28208
Q709975,Q503585
Q710805,Q423
Q712012,Q28208
Q7137665,Q884
Q7137742,Q884
Q7137773,Q884
Q7137830,Q884
Q7137834,Q884
Q7137845,Q884
Q7137910,Q884
Q7137912,Q884
Q7137915,Q884
Q714481,Q423
Q714509,Q423
Q714658,Q423
Q7189091,Q28208
Q7189945,Q884
Q7204311,Q884
Q7204839,Q884
Q7214169,Q28179
Q7214248,Q28233
Q7216705,Q28208
Q7218065,Q884
Q7219738,Q28208
Q72291512,Q884
Q7242942,Q28179
Q7253672,Q884
Q7276140,Q884
Q72808355,Q884
Q72808477,Q884
Q73125,Q423
Q73311,Q423
Q7332119,Q884
Q7336146,Q884
Q7336236,Q28208
Q73403,Q1054923
Q7385296,Q884
Q7385336,Q17
Q7385336,Q884
Q7385485,Q884
Q7402157,Q884
Q741655,Q142
Q74499817,Q884
Q74500749,Q884
Q7451472,Q884
Q7451482,Q884
Q7451534,Q188712
Q7451534,Q28233
Q7451534,Q884
Q7496795,Q884
Q7497224,Q884
Q7606143,Q30
Q7635171,Q884
Q7635172,Q17
Q7663563,Q884
Q76650924,Q423
Q76655805,Q423
Q76656577,Q423
Q76657224,Q423
Q76657833,Q423
Q76658133,Q423
Q76659518,Q423
Q7696122,Q884
Q77554529,Q423
Q77555945,Q423
Q77561335,Q423
Q77571491,Q503585
Q77827,Q884
Q77838791,Q423
Q77840303,Q423
Q77840844,Q423
Q77841131,Q423
Q77841796,Q423
Q77843446,Q423
Q77846980,Q423
Q78317473,Q884
Q7847945,Q503585
Q7848255,Q884
Q7848332,Q884
Q7848947,Q884
Q7849102,Q884
Q7849225,Q884
Q78578037,Q884
Q78777761,Q18097
Q7880974,Q884
Q7881979,Q30
Q79208,Q884
Q79404316,Q884
Q79404428,Q884
Q79404521,Q884
Q79404555,Q884
Q79404610,Q884
Q79404641,Q884
Q7952260,Q884
Q79611370,Q884
Q79904221,Q884
Q79904238,Q884
Q79904342,Q884
Q79904634,Q884
Q79906103,Q884
Q79926136,Q884
Q8031676,Q884
Q8031684,Q884
Q8031686,Q884
Q8032064,Q884
Q8052399,Q884
Q8053456,Q884
Q8053468,Q28179
Q8053468,Q28208
Q8055137,Q884
Q8055175,Q884
Q8059932,Q884
Q81226431,Q18097
Q81226776,Q884
Q81227097,Q884
Q81651740,Q884
Q8287842,Q423
Q83158281,Q28208
Q83158438,Q28208
Q83551047,Q28208
Q83551198,Q28208
Q83551526,Q28208
Q83553434,Q28179
Q83553434,Q28208
Q83804447,Q884
Q83945397,Q884
Q84040,Q884
Q840719,Q423
Q841146,Q188712
Q841146,Q28233
Q842800,Q17
Q843300,Q17
Q843300,Q884
Q85010123,Q884
Q85010226,Q884
Q85011425,Q884
Q85011677,Q884
Q8512697,Q28208
Q8512704,Q28208
Q8512711,Q28208
Q8512720,Q28208
Q8512727,Q28208
Q8512736,Q28208
Q8512743,Q28208
Q8512750,Q28208
Q8512758,Q28208
Q8512766,Q28179
Q8512766,Q28208
Q8512773,Q28208
Q8512781,Q28208
Q8512788,Q28208
Q8512794,Q28208
Q8512801,Q28208
Q8512807,Q28208
Q8512813,Q28208
Q8512820,Q28208
Q85360203,Q884
Q85360251,Q884
Q85632402,Q884
Q85792610,Q884
Q85879122,Q28208
Q85905823,Q884
Q85981736,Q884
Q85983979,Q423
Q85983979,Q503585
Q85984426,Q884
Q85985151,Q28208
Q85985252,Q884
Q86026513,Q884
Q87451834,Q884
Q87452056,Q884
Q87685800,Q884
Q87943248,Q884
Q87981909,Q884
Q88172995,Q884
Q88293458,Q884
Q88623316,Q884
Q88636580,Q884
Q88683078,Q884
Q887285,Q884
Q88928280,Q884
Q89013641,Q884
Q8924428,Q884
Q8970414,Q16
Q89707982,Q884
Q8985108,Q884
Q8985444,Q30
Q900563,Q30
Q9006285,Q884
Q90292902,Q884
Q90789527,Q884
Q907913,Q30
Q90941454,Q884
Q91285135,Q884
Q91791501,Q884
Q92059734,Q884
Q9210578,Q884
Q92684865,Q884
Q92686670,Q17
Q92688346,Q17
Q9285855,Q884
Q9326975,Q884
Q93428027,Q419
Q93752810,Q884
Q93757585,Q884
Q93759105,Q884
Q94187,Q884
Q94381115,Q884
Q94405692,Q884
Q94429593,Q884
Q9448583,Q148
Q94489565,Q884
Q94518753,Q30
Q94518753,Q884
Q94619817,Q884
Q94683067,Q884
Q94818,Q142
Q94818,Q884
Q95585442,Q30
Q96276527,Q423
Q97190048,Q884
Q97196401,Q884
Q97198138,Q884
Q97198853,Q503585
Q97198853,Q884
Q97199071,Q884
Q97202454,Q884
Q97206273,Q884
Q97208502,Q884
Q97216379,Q884
Q97229899,Q884
Q97338699,Q884
Q97338773,Q884
Q97339166,Q884
Q97339390,Q884
Q97339801,Q884
Q97339825,Q884
Q97477976,Q884
Q97860549,Q16
Q97860549,Q29999
Q98389209,Q423
Q99767258,Q884
