person,nationality
Q100153927,Q884
Q100308760,Q18097
Q100308760,Q30
Q101183689,Q884
Q102098,Q884
Q102176031,Q30
Q102176031,Q491559
Q102176031,Q503585
Q102267466,Q17
Q102438283,Q884
Q10265337,Q30
Q10323487,Q884
Q104013430,Q423
Q104044292,Q865
Q104150525,Q884
Q104542739,Q884
Q10457763,Q884
Q104585577,Q884
Q104610498,Q142
Q104635660,Q170072
Q104635660,Q18097
Q1046410,Q30
Q1046410,Q884
Q104782191,Q423
Q104996203,Q884
Q105316438,Q884
Q10558979,Q884
Q105781283,Q18097
Q105901847,Q884
Q105960413,Q884
Q1062006,Q423
Q106478755,Q884
Q106478968,Q423
Q106649952,Q884
Q10665,Q423
Q106814113,Q884
Q106946588,Q18097
Q106994256,Q884
Q106994419,Q884
Q106994460,Q423
Q107109602,Q884
Q107403,Q884
Q107443498,Q884
Q1075512,Q884
Q107617686,Q884
Q1076215,Q30
Q1076215,Q884
Q107643395,Q170072
Q107643395,Q18097
Q107643395,Q183
Q107656933,Q148
Q107747135,Q884
Q107805133,Q884
Q107999611,Q18097
Q107999611,Q29999
Q108110761,Q423
Q108110769,Q423
Q10822153,Q884
Q10829234,Q881
Q10855116,Q423
Q10855124,Q884
Q10855139,Q884
Q10855253,Q884
Q10855780,Q884
Q10855787,Q884
Q10855789,Q423
Q10855796,Q884
Q10855800,Q884
Q10855805,Q423
Q10855808,Q884
Q10855821,Q884
Q10855822,Q884
Q10855837,Q884
Q10855840,Q884
Q10855841,Q884
Q10855847,Q423
Q10855875,Q884
Q10855900,Q884
Q10855909,Q884
Q10855915,Q884
Q10855919,Q884
Q10855927,Q884
Q10855929,Q884
Q10855990,Q17
Q10855990,Q188712
Q10856213,Q884
Q10874903,Q28179
Q10874903,Q28208
Q108780040,Q503585
Q108780040,Q884
Q108780098,Q884
Q108780226,Q503585
Q108780226,Q884
Q108805691,Q884
Q108852060,Q884
Q10891587,Q423
Q1092288,Q423
Q109235775,Q884
Q109259136,Q884
Q109354786,Q884
Q10941620,Q423
Q109679896,Q884
Q10974127,Q884
Q109787,Q884
Q109789216,Q884
Q10981827,Q884
Q110010,Q28208
Q110115109,Q884
Q110124576,Q884
Q110125531,Q884
Q110125609,Q884
Q110165436,Q884
Q110184560,Q884
Q110184575,Q884
Q110456,Q423
Q11053309,Q423
Q110877360,Q884
Q11094849,Q423
Q11094993,Q423
Q11095014,Q423
Q11096031,Q28233
Q11096031,Q884
Q11109533,Q884
Q111175072,Q884
Q11243256,Q423
Q11243258,Q884
Q11243276,Q884
Q11243318,Q884
Q11243402,Q884
Q11243413,Q884
Q11243468,Q884
Q11243907,Q423
Q11244138,Q18097
Q11245147,Q884
Q11245154,Q423
Q11246134,Q884
Q11251673,Q17
Q11254941,Q884
Q11256848,Q17
Q11257521,Q423
Q11257521,Q884
Q11258740,Q884
Q11258794,Q884
Q11261339,Q884
Q11261998,Q884
Q11264203,Q884
Q11264374,Q884
Q11264690,Q884
Q11264742,Q884
Q11264928,Q884
Q11265493,Q884
Q11265902,Q884
Q11265997,Q15180
Q11265997,Q423
Q11266025,Q884
Q11266069,Q884
Q11266137,Q884
Q11266154,Q884
Q11266205,Q884
Q11266208,Q884
Q11266309,Q884
Q11266355,Q884
Q11266452,Q884
Q11266502,Q884
Q11266510,Q884
Q11266793,Q884
Q11266911,Q423
Q11266992,Q884
Q11267083,Q884
Q11267428,Q884
Q11267950,Q884
Q11267981,Q884
Q11268002,Q423
Q11268769,Q884
Q11269524,Q884
Q11269676,Q884
Q11269938,Q884
Q11271937,Q884
Q11274306,Q884
Q11274314,Q884
Q11285292,Q884
Q11285989,Q884
Q11286019,Q884
Q11286457,Q884
Q11287136,Q884
Q11287168,Q884
Q11287837,Q884
Q11287855,Q884
Q11317852,Q884
Q11343022,Q884
Q11346187,Q884
Q113542,Q884
Q113840,Q40
Q113840,Q884
Q11407826,Q18097
Q11434602,Q17
Q11434633,Q17
Q11447323,Q884
Q11447326,Q884
Q11464852,Q423
Q11464856,Q423
Q11465737,Q884
Q1146912,Q30
Q1146912,Q884
Q11475640,Q884
Q11477158,Q17
Q11477168,Q423
Q11477170,Q884
Q11477186,Q884
Q11477189,Q884
Q114827,Q884
Q11485240,Q884
Q11485471,Q17
Q11487632,Q884
Q11488677,Q423
Q11488700,Q423
Q11499920,Q17
Q11521585,Q884
Q11521602,Q884
Q11521607,Q423
Q11522414,Q423
Q11522472,Q423
Q11522510,Q884
Q11522559,Q884
Q11522583,Q884
Q11532932,Q884
Q11536685,Q423
Q11551609,Q18097
Q1157058,Q884
Q11598714,Q17
Q116288,Q884
Q11629173,Q884
Q11631194,Q423
Q11631224,Q884
Q11637314,Q884
Q11643896,Q884
Q11643911,Q884
Q11643919,Q884
Q11643920,Q884
Q11643925,Q884
Q11644701,Q884
Q11646294,Q884
Q11646410,Q423
Q11646457,Q423
Q11646602,Q884
Q11646918,Q884
Q11647084,Q884
Q11647086,Q17
Q11647086,Q884
Q11647115,Q423
Q11647329,Q884
Q11647343,Q884
Q11647562,Q884
Q11656104,Q17
Q11663968,Q884
Q11664071,Q884
Q11664077,Q884
Q11677364,Q884
Q11677879,Q884
Q11682535,Q884
Q11710387,Q884
Q11728737,Q884
Q11739225,Q423
Q11739237,Q423
Q11739251,Q884
Q1174767,Q30
Q118002,Q159
Q118002,Q884
Q1185960,Q423
Q11880945,Q33
Q1195195,Q884
Q11982571,Q18097
Q1208809,Q423
Q12344956,Q423
Q12346167,Q884
Q12349704,Q884
Q12355106,Q884
Q1255834,Q884
Q1255847,Q884
Q1256804,Q884
Q1256812,Q884
Q12582617,Q884
Q12582736,Q884
Q12582737,Q884
Q12582740,Q884
Q12582787,Q423
Q12582848,Q884
Q12582849,Q884
Q12582853,Q423
Q12582855,Q503585
Q12582855,Q884
Q12582876,Q884
Q12582884,Q884
Q12582941,Q884
Q12582952,Q884
Q12582964,Q884
Q12582983,Q884
Q12583048,Q28179
Q12583130,Q884
Q12583142,Q884
Q12583153,Q884
Q12583192,Q884
Q12583245,Q28208
Q12583609,Q28208
Q12583779,Q28179
Q12583935,Q28208
Q12583952,Q884
Q12584025,Q423
Q12584026,Q884
Q12584032,Q884
Q12584040,Q884
Q12584207,Q884
Q12584226,Q884
Q12584230,Q884
Q12584259,Q884
Q12584284,Q884
Q12584394,Q884
Q12584397,Q884
Q12584408,Q884
Q12584502,Q884
Q12584521,Q884
Q12584774,Q884
Q12584840,Q884
Q12584842,Q884
Q12584863,Q884
Q12584871,Q884
Q12584872,Q884
Q12584873,Q884
Q12584874,Q884
Q12584879,Q884
Q12584881,Q884
Q12584886,Q884
Q12585346,Q884
Q12585354,Q884
Q12585358,Q884
Q12585455,Q884
Q12585515,Q884
Q12585522,Q884
Q12585524,Q884
Q12585527,Q884
Q12585561,Q884
Q12585567,Q884
Q12585579,Q884
Q12585852,Q884
Q12585916,Q884
Q12586079,Q884
Q12586110,Q884
Q12586118,Q884
Q12586131,Q884
Q12586134,Q884
Q12586148,Q884
Q12586149,Q884
Q12586158,Q884
Q12586162,Q884
Q12586185,Q884
Q12586186,Q884
Q12586510,Q884
Q12586567,Q884
Q12586569,Q884
Q12586767,Q7313
Q12586820,Q884
Q12586833,Q884
Q12586834,Q884
Q12586836,Q884
Q12586840,Q884
Q12586847,Q884
Q12586862,Q884
Q12586863,Q884
Q12586866,Q884
Q12586868,Q884
Q12586909,Q884
Q12586914,Q884
Q12586929,Q28179
Q12586932,Q884
Q12586953,Q884
Q12586956,Q884
Q12586961,Q884
Q12586969,Q884
Q12586975,Q884
Q12586976,Q884
Q12586990,Q884
Q12587005,Q884
Q12587014,Q884
Q12587020,Q884
Q12587044,Q884
Q12587055,Q884
Q12587068,Q28179
Q12587069,Q884
Q12587083,Q884
Q12587091,Q884
Q12587092,Q884
Q12587104,Q884
Q12587114,Q884
Q12587121,Q884
Q12587130,Q884
Q12587151,Q884
Q12587162,Q884
Q12587174,Q884
Q12587182,Q884
Q12587187,Q28208
Q12587212,Q884
Q12587222,Q884
Q12587228,Q884
Q12587234,Q884
Q12587252,Q884
Q12587253,Q503585
Q12587253,Q884
Q12587262,Q884
Q12587265,Q884
Q12587270,Q884
Q12587274,Q884
Q12587287,Q884
Q12587299,Q884
Q12587304,Q884
Q12587319,Q884
Q12587322,Q884
Q12587328,Q884
Q12587335,Q884
Q12587343,Q884
Q12587358,Q884
Q12587360,Q884
Q12587372,Q884
Q12587388,Q884
Q12587423,Q884
Q12587451,Q884
Q12587456,Q884
Q12587459,Q884
Q12587471,Q884
Q12587472,Q884
Q12587487,Q884
Q12587497,Q884
Q12587503,Q423
Q12587523,Q884
Q12587528,Q884
Q12587533,Q884
Q12587534,Q884
Q12587539,Q28208
Q12587558,Q884
Q12587566,Q884
Q12587574,Q884
Q12587584,Q884
Q12587589,Q884
Q12587603,Q884
Q12587607,Q884
Q12587612,Q884
Q12587620,Q884
Q12587624,Q884
Q12587628,Q884
Q12587632,Q884
Q12587643,Q884
Q12587652,Q884
Q12587670,Q884
Q12587683,Q884
Q12587701,Q884
Q12587710,Q884
Q12587713,Q884
Q12587717,Q884
Q12587730,Q884
Q12587740,Q884
Q12587748,Q884
Q12587753,Q884
Q12587760,Q884
Q12587796,Q884
Q12587797,Q884
Q12587801,Q884
Q12587821,Q884
Q12587839,Q884
Q12587857,Q884
Q12587913,Q884
Q12587930,Q884
Q12587932,Q884
Q12587949,Q423
Q12587949,Q884
Q12587955,Q884
Q12587958,Q884
Q12587966,Q884
Q12587987,Q884
Q12587988,Q884
Q12587995,Q884
Q12588007,Q884
Q12588010,Q884
Q12588015,Q884
Q12588035,Q884
Q12588039,Q884
Q12588040,Q884
Q12588056,Q884
Q12588058,Q884
Q12588066,Q884
Q12588073,Q884
Q12588080,Q884
Q12588090,Q884
Q12588097,Q423
Q12588103,Q884
Q12588105,Q884
Q12588113,Q884
Q12588134,Q884
Q12588135,Q884
Q12588141,Q884
Q12588143,Q884
Q12588149,Q884
Q12588154,Q884
Q12588155,Q884
Q12588172,Q884
Q12588177,Q423
Q12588177,Q884
Q12588180,Q884
Q12588181,Q884
Q12588184,Q884
Q12588187,Q884
Q12588188,Q884
Q12588199,Q884
Q12588208,Q884
Q12588209,Q884
Q12588214,Q884
Q12588229,Q884
Q12588243,Q884
Q12588245,Q884
Q12588246,Q884
Q12588260,Q884
Q12588264,Q884
Q12588268,Q884
Q12588271,Q884
Q12588283,Q884
Q12588310,Q884
Q12588311,Q884
Q12588317,Q884
Q12588319,Q884
Q12588336,Q884
Q12588353,Q884
Q12588355,Q884
Q12588365,Q884
Q12588368,Q884
Q12588369,Q884
Q12588377,Q884
Q12588391,Q884
Q12588392,Q884
Q12588400,Q884
Q12588401,Q884
Q12588406,Q884
Q12588421,Q884
Q12588422,Q884
Q12588436,Q884
Q12588443,Q884
Q12588446,Q884
Q12588447,Q884
Q12588448,Q884
Q12588449,Q884
Q12588452,Q884
Q12588465,Q884
Q12588467,Q884
Q12588468,Q884
Q12588472,Q884
Q12588481,Q884
Q12588486,Q884
Q12588498,Q884
Q12588505,Q884
Q12588520,Q884
Q12588530,Q884
Q12588532,Q884
Q12588540,Q884
Q12588541,Q884
Q12588543,Q884
Q12588561,Q884
Q12588565,Q884
Q12588567,Q884
Q12588578,Q884
Q12588583,Q884
Q12588588,Q884
Q12588596,Q884
Q12588597,Q884
Q12588623,Q884
Q12588651,Q884
Q12588656,Q884
Q12588661,Q884
Q12588664,Q884
Q12588665,Q884
Q12588677,Q884
Q12588679,Q884
Q12588680,Q884
Q12588685,Q884
Q12588687,Q884
Q12588690,Q884
Q12588691,Q884
Q12588692,Q884
Q12588697,Q884
Q12588700,Q884
Q12588702,Q884
Q12588704,Q884
Q12588712,Q423
Q12588716,Q884
Q12588727,Q884
Q12588731,Q884
Q12588762,Q884
Q12588765,Q884
Q12588768,Q884
Q12588783,Q423
Q12588795,Q884
Q12588796,Q884
Q12588808,Q884
Q12588811,Q884
Q12588831,Q884
Q12588833,Q884
Q12588847,Q884
Q12588848,Q884
Q12588849,Q884
Q12588850,Q884
Q12588854,Q884
Q12588855,Q884
Q12588862,Q884
Q12588877,Q884
Q12588902,Q884
Q12588907,Q884
Q12588911,Q884
Q12588914,Q884
Q12588925,Q884
Q12588938,Q423
Q12588938,Q503585
Q12588969,Q884
Q12588979,Q884
Q12588986,Q884
Q12588993,Q884
Q12588997,Q884
Q12589008,Q884
Q12589009,Q884
Q12589019,Q884
Q12589030,Q884
Q12589040,Q884
Q12589044,Q884
Q12589045,Q884
Q12589059,Q884
Q12589061,Q884
Q12589076,Q884
Q12589081,Q884
Q12589082,Q884
Q12589083,Q884
Q12589086,Q884
Q12589103,Q884
Q12589139,Q884
Q12589144,Q884
Q12589167,Q884
Q12589184,Q884
Q12589185,Q884
Q12589207,Q884
Q12589210,Q884
Q12589216,Q884
Q12589226,Q884
Q12589240,Q884
Q12589243,Q884
Q12589252,Q884
Q12589257,Q884
Q12589275,Q884
Q12589276,Q884
Q12589306,Q884
Q12589318,Q884
Q12589320,Q884
Q12589322,Q884
Q12589323,Q884
Q12589329,Q884
Q12589332,Q884
Q12589333,Q884
Q12589339,Q884
Q12589363,Q884
Q12589364,Q884
Q12589382,Q884
Q12589411,Q884
Q12589495,Q884
Q12589582,Q884
Q12589595,Q884
Q12589600,Q884
Q12589621,Q884
Q12589656,Q884
Q12589753,Q884
Q12589761,Q884
Q12589767,Q884
Q12589797,Q884
Q12589872,Q884
Q12589885,Q884
Q12589886,Q884
Q12590006,Q884
Q12590032,Q884
Q12590047,Q884
Q12590076,Q884
Q12590113,Q884
Q12590302,Q884
Q12590319,Q188712
Q12590319,Q884
Q12590399,Q884
Q12590406,Q884
Q12590407,Q884
Q12590413,Q884
Q12590425,Q884
Q12590443,Q884
Q12590460,Q884
Q12591022,Q884
Q12593019,Q423
Q12593052,Q884
Q12593129,Q884
Q12593132,Q884
Q12593614,Q884
Q12593931,Q884
Q12594016,Q884
Q12594276,Q884
Q12594277,Q884
Q12594279,Q884
Q12594280,Q884
Q12594295,Q884
Q12594306,Q884
Q12594317,Q884
Q12594327,Q884
Q12594356,Q423
Q12594356,Q884
Q12594378,Q423
Q12594431,Q423
Q12594432,Q423
Q12594500,Q884
Q12594913,Q30
Q12595008,Q884
Q12595696,Q884
Q12595703,Q884
Q12595716,Q884
Q12595752,Q884
Q12595766,Q884
Q12595787,Q884
Q12595795,Q884
Q12595797,Q884
Q12595800,Q884
Q12595804,Q884
Q12595813,Q884
Q12595814,Q884
Q12595831,Q884
Q12595851,Q884
Q12596186,Q884
Q12596206,Q28179
Q12596207,Q884
Q12596208,Q884
Q12596212,Q884
Q12596246,Q884
Q12596251,Q884
Q12596272,Q28179
Q12596321,Q884
Q12596330,Q884
Q12596474,Q884
Q12596475,Q884
Q12596484,Q884
Q12596492,Q884
Q12596505,Q884
Q12596514,Q884
Q12596516,Q884
Q12596517,Q884
Q12596518,Q884
Q12596540,Q884
Q12596544,Q884
Q12596552,Q884
Q12596553,Q884
Q12596559,Q884
Q12596570,Q884
Q12596572,Q884
Q12596573,Q884
Q12596574,Q884
Q12596589,Q884
Q12596591,Q884
Q12596601,Q884
Q12596609,Q884
Q12596610,Q884
Q12596613,Q884
Q12596616,Q884
Q12596619,Q884
Q12596625,Q884
Q12596628,Q884
Q12596640,Q423
Q12596657,Q884
Q12596661,Q884
Q12596675,Q503585
Q12596675,Q884
Q12596677,Q884
Q12596692,Q884
Q12596700,Q884
Q12596712,Q884
Q12596718,Q884
Q12596724,Q884
Q12596732,Q884
Q12596755,Q884
Q12596772,Q884
Q12596774,Q884
Q12596800,Q884
Q12596803,Q884
Q12596826,Q884
Q12596829,Q884
Q12596832,Q884
Q12596843,Q884
Q12596849,Q884
Q12596861,Q884
Q12596862,Q884
Q12596870,Q884
Q12596873,Q884
Q12596874,Q884
Q12596884,Q884
Q12596891,Q884
Q12596895,Q884
Q12596897,Q884
Q12596903,Q884
Q12596907,Q423
Q12596907,Q503585
Q12596927,Q884
Q12596928,Q884
Q12596933,Q884
Q12596942,Q884
Q12596961,Q884
Q12596976,Q884
Q12596977,Q884
Q12596983,Q423
Q12596983,Q884
Q12596984,Q884
Q12597024,Q884
Q12597039,Q884
Q12597043,Q884
Q12597049,Q884
Q12597050,Q884
Q12597058,Q884
Q12597070,Q884
Q12597079,Q884
Q12597098,Q884
Q12597099,Q884
Q12597102,Q423
Q12597125,Q884
Q12597127,Q884
Q12597129,Q884
Q12597139,Q884
Q12597152,Q884
Q12597156,Q884
Q12597184,Q884
Q12597193,Q884
Q12597196,Q884
Q12597208,Q884
Q12597231,Q884
Q12597233,Q884
Q12597235,Q18097
Q12597240,Q884
Q12597257,Q884
Q12597258,Q884
Q12597267,Q884
Q12597283,Q884
Q12597286,Q884
Q12597305,Q884
Q12597312,Q884
Q12597314,Q884
Q12597340,Q884
Q12597342,Q884
Q12597345,Q884
Q12597350,Q884
Q12597352,Q884
Q12597364,Q503585
Q12597364,Q884
Q12597368,Q884
Q12597370,Q884
Q12597420,Q28208
Q12597425,Q884
Q12597517,Q884
Q12597529,Q884
Q12597548,Q28208
Q12597562,Q884
Q12597567,Q503585
Q12597567,Q884
Q12597571,Q884
Q12597573,Q884
Q12597575,Q884
Q12597576,Q884
Q12597593,Q423
Q12597632,Q884
Q12597634,Q884
Q12597635,Q884
Q12597645,Q884
Q12597663,Q884
Q12597665,Q884
Q12597701,Q884
Q12597723,Q884
Q12597726,Q884
Q12597730,Q884
Q12597731,Q884
Q12597732,Q884
Q12597739,Q884
Q12597789,Q884
Q12597805,Q884
Q12597866,Q884
Q12597869,Q884
Q12597878,Q18097
Q12597881,Q423
Q12598060,Q884
Q12598177,Q884
Q12598197,Q884
Q12598218,Q884
Q12598228,Q884
Q12599546,Q18097
Q12599599,Q884
Q12600798,Q884
Q12600833,Q884
Q12600840,Q884
Q12600879,Q884
Q12600918,Q884
Q12600919,Q884
Q12600928,Q884
Q12600979,Q884
Q12600980,Q884
Q12600988,Q884
Q12600989,Q884
Q12600993,Q884
Q12601055,Q884
Q12601064,Q884
Q12601066,Q884
Q12601407,Q884
Q12601415,Q884
Q12601416,Q884
Q12601420,Q884
Q12601424,Q884
Q12601428,Q884
Q12601432,Q18097
Q12601434,Q884
Q12601438,Q884
Q12601451,Q884
Q12601477,Q884
Q12601521,Q884
Q12601568,Q884
Q12601577,Q884
Q12601620,Q188712
Q12601620,Q884
Q12601622,Q884
Q12601645,Q884
Q12601721,Q884
Q12601722,Q884
Q12601727,Q884
Q12601813,Q28208
Q12601851,Q884
Q12601874,Q884
Q12601882,Q884
Q12601920,Q28179
Q12602058,Q884
Q12602590,Q884
Q12602668,Q884
Q12602676,Q884
Q12602680,Q884
Q12602712,Q884
Q12602724,Q884
Q12602739,Q884
Q12602740,Q884
Q12602743,Q884
Q12602753,Q884
Q12602770,Q884
Q12602771,Q884
Q12602774,Q884
Q12602813,Q884
Q12602817,Q884
Q12602832,Q884
Q12602845,Q884
Q12602870,Q884
Q12602877,Q884
Q12602886,Q884
Q12602910,Q423
Q12602910,Q884
Q12602912,Q884
Q12602916,Q18097
Q12602919,Q884
Q12602940,Q884
Q12602945,Q884
Q12602957,Q884
Q12602958,Q884
Q12602981,Q884
Q12602983,Q884
Q12603004,Q884
Q12603012,Q884
Q12603021,Q884
Q12603070,Q884
Q12603072,Q884
Q12604079,Q884
Q12604080,Q884
Q12604106,Q884
Q12604108,Q884
Q12604118,Q884
Q12604133,Q884
Q12604156,Q884
Q12604162,Q28179
Q12604162,Q28208
Q12604185,Q884
Q12604190,Q884
Q12604196,Q884
Q12604197,Q884
Q12604206,Q884
Q12604322,Q884
Q12604324,Q884
Q12604325,Q884
Q12604334,Q884
Q12604337,Q884
Q12604339,Q884
Q12604340,Q884
Q12604341,Q884
Q12604439,Q884
Q12604454,Q884
Q12604474,Q884
Q12604481,Q884
Q12604488,Q884
Q12604506,Q884
Q12604512,Q884
Q12604521,Q884
Q12604522,Q423
Q12604522,Q884
Q12604528,Q884
Q12604577,Q884
Q12604581,Q884
Q12604585,Q884
Q12604595,Q884
Q12604623,Q884
Q12604649,Q884
Q12604654,Q884
Q12604660,Q884
Q12604661,Q503585
Q12604661,Q884
Q12604687,Q884
Q12604725,Q884
Q12604728,Q884
Q12604759,Q884
Q12604774,Q884
Q12604838,Q884
Q12604859,Q884
Q12604883,Q884
Q12604887,Q884
Q12604902,Q884
Q12604910,Q884
Q12604912,Q884
Q12604919,Q884
Q12604928,Q884
Q12604931,Q884
Q12604935,Q884
Q12604951,Q884
Q12604953,Q884
Q12604955,Q884
Q12605541,Q884
Q12605549,Q503585
Q12605553,Q884
Q12605569,Q423
Q12605640,Q884
Q12605645,Q884
Q12605648,Q884
Q12605658,Q884
Q12605659,Q884
Q12605697,Q884
Q12605699,Q884
Q12605725,Q884
Q12605761,Q884
Q12605785,Q884
Q12605796,Q884
Q12605815,Q884
Q12605818,Q884
Q12605841,Q884
Q12605854,Q884
Q12605873,Q884
Q12606244,Q884
Q12606281,Q884
Q12606299,Q884
Q12606328,Q884
Q12606334,Q884
Q12606335,Q884
Q12606349,Q884
Q12606356,Q884
Q12606363,Q884
Q12606373,Q884
Q12606380,Q884
Q12606385,Q884
Q12606402,Q884
Q12606422,Q884
Q12606435,Q884
Q12606468,Q28208
Q12606480,Q884
Q12606488,Q884
Q12606494,Q884
Q12606555,Q884
Q12606571,Q884
Q12606631,Q884
Q12606634,Q884
Q12606636,Q884
Q12606643,Q884
Q12606930,Q884
Q12606966,Q884
Q12606967,Q884
Q12606989,Q884
Q12607089,Q884
Q12607251,Q884
Q12607258,Q884
Q12607641,Q884
Q12607687,Q884
Q12607730,Q18097
Q12607738,Q884
Q12607740,Q884
Q12607741,Q884
Q12607835,Q884
Q12607850,Q884
Q12607900,Q884
Q12607909,Q884
Q12607915,Q884
Q12607924,Q884
Q12607934,Q884
Q12607940,Q884
Q12607979,Q884
Q12607983,Q884
Q12607989,Q884
Q12607998,Q884
Q12608032,Q884
Q12608036,Q884
Q12608043,Q884
Q12608049,Q884
Q12608053,Q884
Q12608070,Q884
Q12608071,Q884
Q12608074,Q884
Q12608087,Q884
Q12608110,Q884
Q12608143,Q884
Q12608156,Q423
Q12608156,Q884
Q12608160,Q884
Q12608449,Q423
Q12608780,Q884
Q12608965,Q884
Q12609012,Q884
Q12609019,Q884
Q12609274,Q884
Q12609300,Q884
Q12609319,Q503585
Q12609319,Q884
Q12609491,Q884
Q12609551,Q884
Q12609594,Q884
Q12609637,Q884
Q12609663,Q884
Q12609685,Q884
Q12609708,Q884
Q12609775,Q884
Q12609788,Q884
Q12609827,Q884
Q12609848,Q884
Q12609866,Q884
Q12609905,Q884
Q12609918,Q423
Q12609923,Q884
Q12609931,Q884
Q12609935,Q884
Q12609974,Q188712
Q12609974,Q884
Q12610017,Q884
Q12610031,Q884
Q12610040,Q28208
Q12610050,Q884
Q12610055,Q884
Q12610095,Q884
Q12610129,Q884
Q12610163,Q884
Q12610164,Q884
Q12610168,Q884
Q12610200,Q884
Q12610235,Q884
Q12610241,Q884
Q12610245,Q884
Q12610256,Q884
Q12610262,Q884
Q12610275,Q884
Q12610309,Q884
Q12610322,Q884
Q12610323,Q884
Q12610328,Q884
Q12610329,Q884
Q12610338,Q884
Q12610360,Q884
Q12610369,Q884
Q12610372,Q884
Q12610377,Q884
Q12610387,Q884
Q12610398,Q884
Q12610400,Q884
Q12610403,Q884
Q12610407,Q884
Q12610411,Q884
Q12610415,Q884
Q12610417,Q884
Q12610421,Q884
Q12610433,Q884
Q12610447,Q884
Q12610473,Q884
Q12610476,Q18097
Q12610478,Q28233
Q12610479,Q28179
Q12610479,Q28233
Q12610479,Q503585
Q12610481,Q28179
Q12610490,Q884
Q12610502,Q884
Q12610509,Q884
Q12610516,Q884
Q12610531,Q884
Q12610594,Q884
Q12610814,Q884
Q12610831,Q884
Q12610834,Q884
Q12610837,Q423
Q12610837,Q503585
Q12610843,Q884
Q12610846,Q884
Q12610850,Q884
Q12610852,Q884
Q12610859,Q884
Q12610892,Q884
Q12610901,Q884
Q12610915,Q884
Q12610926,Q884
Q12610929,Q884
Q12610944,Q884
Q12610950,Q884
Q12610952,Q884
Q12610961,Q884
Q12610980,Q884
Q12610989,Q884
Q12610998,Q884
Q12611008,Q884
Q12611009,Q884
Q12611010,Q884
Q12611012,Q884
Q12611014,Q884
Q12611027,Q884
Q12611029,Q884
Q12611032,Q884
Q12611042,Q884
Q12611056,Q884
Q12611059,Q884
Q12611072,Q884
Q12611074,Q884
Q12611076,Q884
Q12611089,Q884
Q12611091,Q884
Q12611098,Q884
Q12611106,Q884
Q12611122,Q884
Q12611128,Q884
Q12611138,Q884
Q12611141,Q884
Q12611145,Q884
Q12611146,Q884
Q12611180,Q884
Q12611183,Q884
Q12611184,Q884
Q12611186,Q884
Q12611257,Q884
Q12611277,Q884
Q12611290,Q884
Q12611294,Q884
Q12611325,Q884
Q12611327,Q423
Q12611331,Q884
Q12611345,Q884
Q12611378,Q884
Q12611389,Q884
Q12611404,Q884
Q12611406,Q884
Q12611410,Q884
Q12611423,Q884
Q12611431,Q884
Q12611449,Q884
Q12611466,Q884
Q12611493,Q884
Q12611494,Q884
Q12611496,Q884
Q12611537,Q884
Q12611541,Q884
Q12611553,Q884
Q12611577,Q884
Q12611579,Q884
Q12611590,Q884
Q12611614,Q884
Q12611630,Q884
Q12611647,Q884
Q12611652,Q884
Q12611662,Q884
Q12611669,Q884
Q12611677,Q884
Q12611683,Q884
Q12611701,Q884
Q12611716,Q884
Q12611753,Q884
Q12611757,Q884
Q12611772,Q884
Q12611779,Q884
Q12611795,Q884
Q12611803,Q884
Q12611818,Q884
Q12611841,Q884
Q12611848,Q884
Q12611853,Q884
Q12611864,Q884
Q12611876,Q884
Q12611909,Q884
Q12611911,Q884
Q12611925,Q884
Q12611944,Q884
Q12611946,Q884
Q12611967,Q884
Q12611977,Q18097
Q12611996,Q884
Q12612001,Q884
Q12612002,Q884
Q12612033,Q884
Q12612035,Q884
Q12612042,Q884
Q12612046,Q884
Q12612052,Q884
Q12612055,Q884
Q12612064,Q884
Q12612075,Q884
Q12612085,Q884
Q12612091,Q884
Q12612098,Q884
Q12612099,Q884
Q12612106,Q884
Q12612107,Q884
Q12612108,Q17
Q12612108,Q884
Q12612110,Q884
Q12612132,Q884
Q12612135,Q884
Q12612140,Q884
Q12612144,Q423
Q12612145,Q884
Q12612154,Q884
Q12612159,Q884
Q12612161,Q884
Q12612177,Q884
Q12612192,Q884
Q12612197,Q884
Q12612209,Q884
Q12612216,Q423
Q12612222,Q884
Q12612233,Q884
Q12612265,Q884
Q12612272,Q884
Q12612288,Q884
Q12612303,Q884
Q12612309,Q884
Q12612330,Q884
Q12612345,Q884
Q12612358,Q884
Q12612375,Q884
Q12612378,Q884
Q12612384,Q884
Q12612389,Q884
Q12612396,Q884
Q12612411,Q884
Q12612413,Q884
Q12612415,Q884
Q12612445,Q884
Q12612449,Q884
Q12612466,Q884
Q12612469,Q884
Q12612502,Q884
Q12612517,Q884
Q12612519,Q884
Q12612526,Q884
Q12612573,Q884
Q12612583,Q884
Q12612596,Q884
Q12612604,Q884
Q12612610,Q884
Q12612629,Q884
Q12612632,Q884
Q12612633,Q884
Q12612648,Q884
Q12612651,Q884
Q12612657,Q884
Q12612664,Q884
Q12612665,Q884
Q12612675,Q884
Q12612693,Q884
Q12612694,Q884
Q12612697,Q884
Q12612703,Q884
Q12612717,Q503585
Q12612717,Q884
Q12612730,Q884
Q12612742,Q884
Q12612763,Q884
Q12612787,Q884
Q12612816,Q884
Q12612817,Q884
Q12612818,Q884
Q12612826,Q884
Q12612827,Q884
Q12612842,Q423
Q12612843,Q884
Q12612852,Q884
Q12612867,Q884
Q12612881,Q884
Q12612885,Q884
Q12612902,Q28179
Q12612930,Q884
Q12612933,Q884
Q12612947,Q884
Q12612956,Q884
Q12612969,Q884
Q12612970,Q884
Q12612972,Q884
Q12612983,Q884
Q12612992,Q884
Q12613034,Q423
Q12613036,Q884
Q12613037,Q884
Q12613039,Q884
Q12613045,Q884
Q12613048,Q884
Q12613056,Q884
Q12613064,Q884
Q12613065,Q884
Q12613067,Q884
Q12613073,Q884
Q12613082,Q884
Q12613083,Q884
Q12613089,Q503585
Q12613089,Q884
Q12613108,Q884
Q12613134,Q423
Q12613134,Q503585
Q12613159,Q884
Q12613162,Q884
Q12613176,Q884
Q12613178,Q884
Q12613186,Q884
Q12613199,Q884
Q12613226,Q884
Q12613241,Q884
Q12613258,Q884
Q12613267,Q884
Q12613269,Q884
Q12613277,Q884
Q12613282,Q884
Q12613410,Q884
Q12613423,Q884
Q12613776,Q884
Q12613794,Q884
Q12613810,Q884
Q12613811,Q884
Q12613818,Q884
Q12613820,Q884
Q12613827,Q884
Q12613832,Q423
Q12613832,Q884
Q12613866,Q884
Q12613899,Q884
Q12613901,Q884
Q12613902,Q884
Q12613906,Q884
Q12613946,Q884
Q12613947,Q884
Q12613952,Q884
Q12613972,Q884
Q12613979,Q884
Q12613983,Q884
Q12613988,Q884
Q12614021,Q884
Q12614036,Q884
Q12614039,Q884
Q12614364,Q884
Q12614365,Q884
Q12614366,Q884
Q12614408,Q884
Q12614409,Q884
Q12614411,Q884
Q12614414,Q884
Q12614420,Q884
Q12614470,Q884
Q12614533,Q884
Q12614537,Q884
Q12614575,Q884
Q12614601,Q884
Q12614605,Q884
Q12614608,Q884
Q12614610,Q884
Q12614616,Q884
Q12614625,Q884
Q12614626,Q884
Q12614650,Q884
Q12614658,Q884
Q12614680,Q884
Q12614683,Q884
Q12614699,Q884
Q12614710,Q884
Q12614723,Q884
Q12614727,Q884
Q12614740,Q884
Q12614774,Q884
Q12614782,Q884
Q12614783,Q884
Q12614963,Q884
Q12615036,Q884
Q12615117,Q884
Q12615124,Q884
Q12615152,Q884
Q12615154,Q884
Q12615204,Q884
Q12615206,Q884
Q12615216,Q884
Q12615220,Q884
Q12615227,Q884
Q12615271,Q884
Q12615272,Q884
Q12615277,Q884
Q12615338,Q423
Q12615338,Q884
Q12615340,Q884
Q12615347,Q884
Q12615382,Q884
Q12615446,Q884
Q12615455,Q884
Q12615476,Q884
Q12615481,Q884
Q12615485,Q884
Q12615514,Q884
Q12615521,Q884
Q12615523,Q884
Q12615582,Q884
Q12615583,Q884
Q12615584,Q884
Q12615586,Q884
Q12615591,Q884
Q12615596,Q884
Q12615660,Q884
Q12615703,Q884
Q12615719,Q28179
Q12615740,Q884
Q12615745,Q884
Q12615750,Q884
Q12615766,Q884
Q12615792,Q884
Q12615815,Q884
Q12615816,Q884
Q12615825,Q884
Q12615841,Q884
Q12615859,Q884
Q12615879,Q884
Q12615903,Q884
Q12615939,Q884
Q12615941,Q18097
Q12615943,Q884
Q12615950,Q884
Q12615953,Q423
Q12615962,Q884
Q12615970,Q884
Q12615975,Q884
Q12615976,Q884
Q12615983,Q884
Q12616004,Q884
Q12616020,Q884
Q12616023,Q423
Q12616024,Q884
Q12616026,Q884
Q12616043,Q884
Q12616073,Q884
Q12616074,Q884
Q12616104,Q884
Q12616107,Q884
Q12616120,Q884
Q12616122,Q884
Q12616132,Q884
Q12616175,Q884
Q12616213,Q884
Q12616305,Q28208
Q12616394,Q884
Q12616543,Q884
Q12616577,Q884
Q12616590,Q884
Q12616601,Q884
Q12616607,Q15180
Q12616607,Q423
Q12616618,Q884
Q12616625,Q884
Q12616634,Q884
Q12616637,Q884
Q12616638,Q884
Q12616645,Q884
Q12616667,Q423
Q12616668,Q423
Q12616669,Q884
Q12616674,Q884
Q12616688,Q884
Q12616692,Q884
Q12616712,Q884
Q12616714,Q884
Q12616720,Q884
Q12616843,Q884
Q12616847,Q884
Q12616868,Q423
Q12616868,Q884
Q12616870,Q884
Q12616875,Q884
Q12616877,Q884
Q12616878,Q884
Q12616882,Q884
Q12616890,Q884
Q12616910,Q884
Q12616911,Q884
Q12616917,Q884
Q12616927,Q884
Q12616936,Q884
Q12616941,Q884
Q12616953,Q884
Q12616969,Q884
Q12616984,Q884
Q12616989,Q884
Q12616996,Q884
Q12617017,Q884
Q12617029,Q884
Q12617034,Q884
Q12617055,Q884
Q12617056,Q884
Q12617059,Q884
Q12617071,Q884
Q12617088,Q884
Q12617089,Q884
Q12617100,Q884
Q12617126,Q884
Q12617149,Q884
Q12617158,Q884
Q12617166,Q884
Q12617172,Q884
Q12617193,Q148
Q12617193,Q884
Q12617194,Q884
Q12617319,Q884
Q12617327,Q884
Q12617403,Q884
Q12617441,Q884
Q12617846,Q884
Q12617852,Q884
Q12617992,Q884
Q12618031,Q884
Q12618040,Q28208
Q12618075,Q884
Q12618085,Q884
Q12618100,Q503585
Q12618111,Q884
Q12618255,Q884
Q12618368,Q884
Q12618387,Q884
Q12618406,Q884
Q12618480,Q884
Q12618482,Q884
Q12618497,Q884
Q12618498,Q884
Q12618513,Q884
Q12618516,Q884
Q12618531,Q884
Q12618537,Q884
Q12618654,Q28208
Q12618725,Q884
Q12618729,Q884
Q12618755,Q884
Q12618764,Q884
Q12618820,Q884
Q12618827,Q884
Q12618891,Q884
Q12618981,Q28208
Q12619264,Q28208
Q12619282,Q28208
Q12619446,Q884
Q12619458,Q884
Q12619466,Q884
Q12619467,Q884
Q12619473,Q884
Q12619482,Q884
Q12619484,Q884
Q12619487,Q884
Q12619490,Q884
Q12619522,Q884
Q12619523,Q884
Q12619540,Q884
Q12619566,Q884
Q12619574,Q884
Q12619585,Q884
Q12619589,Q884
Q12619592,Q884
Q12619600,Q884
Q12619606,Q884
Q12619619,Q884
Q12619626,Q884
Q12619633,Q884
Q12619638,Q884
Q12619640,Q884
Q12619670,Q884
Q12619712,Q884
Q12619714,Q884
Q12619716,Q884
Q12619740,Q884
Q12619743,Q884
Q12619748,Q884
Q12619781,Q884
Q12619785,Q884
Q12619791,Q10856065
Q12619793,Q884
Q12619795,Q884
Q12619840,Q884
Q12619846,Q884
Q12619848,Q884
Q12619849,Q30623
Q12619849,Q884
Q12619850,Q884
Q12619851,Q884
Q12619884,Q884
Q12619890,Q884
Q12619891,Q884
Q12619898,Q884
Q12619921,Q884
Q12619931,Q884
Q12619932,Q884
Q12619933,Q884
Q12619965,Q884
Q12619968,Q884
Q12619970,Q884
Q12619973,Q884
Q12620876,Q884
Q12620971,Q884
Q12621020,Q884
Q12621098,Q884
Q12621355,Q884
Q12621757,Q884
Q12622015,Q423
Q12622015,Q884
Q12622022,Q884
Q12622035,Q884
Q12622351,Q884
Q12622414,Q884
Q12622420,Q884
Q12622485,Q884
Q12622492,Q884
Q12622516,Q884
Q12622537,Q884
Q12622564,Q884
Q12622660,Q884
Q12622661,Q884
Q12623484,Q884
Q12623909,Q884
Q12623931,Q884
Q12623957,Q884
Q12623958,Q884
Q12623985,Q884
Q12623986,Q884
Q12624043,Q884
Q12624049,Q884
Q12624073,Q884
Q12624079,Q884
Q12624085,Q884
Q12624116,Q884
Q12624118,Q884
Q12624159,Q884
Q12624188,Q884
Q12624191,Q884
Q12624299,Q884
Q12624308,Q884
Q12624327,Q884
Q12624342,Q884
Q12624359,Q884
Q12624363,Q884
Q12624403,Q884
Q12624412,Q884
Q12624454,Q884
Q12624455,Q884
Q12624456,Q884
Q12624480,Q884
Q12624795,Q884
Q12624812,Q884
Q12624816,Q884
Q12624834,Q884
Q12624849,Q884
Q12624861,Q884
Q12624865,Q884
Q12624868,Q884
Q12624908,Q884
Q12624912,Q884
Q12624992,Q884
Q12624994,Q884
Q12625066,Q884
Q12625067,Q884
Q12625071,Q884
Q12625077,Q884
Q12625078,Q884
Q12625079,Q884
Q12625081,Q884
Q12625089,Q884
Q12625091,Q884
Q12625094,Q884
Q12625156,Q28208
Q12625338,Q884
Q12625359,Q884
Q12625378,Q884
Q12625379,Q884
Q12625382,Q884
Q12625390,Q884
Q12625404,Q884
Q12625405,Q884
Q12625412,Q884
Q12625419,Q884
Q12625426,Q884
Q12625455,Q884
Q12625468,Q884
Q12625478,Q884
Q12625487,Q884
Q12625491,Q884
Q12625493,Q884
Q12625503,Q884
Q12625508,Q884
Q12625509,Q884
Q12625510,Q884
Q12625540,Q884
Q12625542,Q884
Q12625767,Q884
Q12625775,Q884
Q12625792,Q884
Q12625798,Q884
Q12625819,Q884
Q12625822,Q884
Q12625833,Q884
Q12625843,Q884
Q12625854,Q884
Q12625855,Q884
Q12625857,Q423
Q12625859,Q884
Q12625861,Q884
Q12625866,Q423
Q12625866,Q884
Q12625873,Q884
Q12625879,Q423
Q12625879,Q884
Q12625892,Q884
Q12625899,Q884
Q12625935,Q423
Q12625944,Q884
Q12625945,Q884
Q12625947,Q884
Q12625951,Q884
Q12626132,Q884
Q12626230,Q28208
Q1263732,Q884
Q1276156,Q884
Q1279627,Q884
Q1280778,Q423
Q128284,Q884
Q12834850,Q884
Q128442,Q423
Q128454,Q28233
Q128454,Q884
Q128805,Q884
Q129146,Q884
Q129471,Q884
Q129484,Q884
Q12962151,Q884
Q12963833,Q884
Q129652,Q884
Q12965580,Q884
Q12966411,Q884
Q12966428,Q884
Q12966451,Q884
Q12966460,Q884
Q12969233,Q884
Q12970204,Q884
Q13024125,Q884
Q130314,Q423
Q130884,Q884
Q130894,Q884
Q130947,Q884
Q132356,Q884
Q133667,Q188712
Q133667,Q884
Q13415275,Q884
Q13420009,Q884
Q13423737,Q884
Q13432221,Q884
Q134457,Q884
Q134575,Q884
Q13482021,Q884
Q13541928,Q884
Q13553537,Q884
Q13579954,Q30623
Q13579954,Q884
Q13580246,Q884
Q13596738,Q884
Q136386,Q884
Q13646009,Q884
Q138048,Q884
Q138851,Q884
Q13945434,Q884
Q140099,Q884
Q140135,Q884
Q1403834,Q884
Q14155132,Q884
Q14231613,Q884
Q14292022,Q884
Q14304,Q28179
Q14320941,Q218
Q14320941,Q884
Q14342,Q884
Q14345,Q884
Q14356,Q884
Q143564,Q884
Q14362,Q884
Q14425626,Q884
Q14483063,Q884
Q14489518,Q884
Q14552393,Q423
Q14553893,Q884
Q14563570,Q884
Q14623809,Q884
Q14667461,Q884
Q146804,Q423
Q14723581,Q884
Q14751010,Q884
Q1478446,Q884
Q14850145,Q884
Q14864448,Q423
Q14933115,Q884
Q15015214,Q884
Q15040217,Q884
Q15077836,Q884
Q15094781,Q884
Q1510259,Q55
Q15137813,Q884
Q151404,Q884
Q15196167,Q884
Q15196179,Q884
Q15209000,Q884
Q1522307,Q884
Q1526022,Q30
Q1526022,Q884
Q15290220,Q884
Q15292691,Q884
Q15292693,Q884
Q15292695,Q884
Q15292708,Q884
Q15294393,Q18097
Q15294611,Q884
Q15303842,Q884
Q1532562,Q884
Q15344562,Q884
Q153597,Q884
Q153638,Q884
Q153657,Q884
Q153725,Q884
Q153737,Q884
Q153773,Q884
Q153778,Q884
Q153968,Q884
Q15402096,Q423
Q15411042,Q423
Q15433904,Q423
Q15433904,Q503585
Q15499539,Q884
Q155503,Q884
Q155666,Q884
Q155739,Q884
Q15619218,Q884
Q15632088,Q423
Q15632088,Q884
Q15661569,Q884
Q15666746,Q884
Q15703547,Q884
Q15707141,Q884
Q15707513,Q884
Q15711594,Q884
Q15712046,Q884
Q15712115,Q884
Q15712253,Q884
Q15718496,Q884
Q15726472,Q423
Q15732793,Q884
Q15732940,Q28208
Q157415,Q884
Q15788028,Q884
Q1580046,Q884
Q158056,Q183
Q158056,Q30
Q15814092,Q423
Q15814092,Q884
Q15830151,Q884
Q15831704,Q884
Q1587695,Q884
Q15890651,Q884
Q15909117,Q884
Q15926020,Q423
Q15932221,Q423
Q15932910,Q884
Q15933215,Q423
Q15935890,Q423
Q15936058,Q423
Q15937927,Q423
Q15939416,Q423
Q15939982,Q423
Q15940342,Q423
Q15941566,Q423
Q15941850,Q423
Q15942638,Q423
Q15944541,Q423
Q15952737,Q423
Q15971448,Q884
Q15985309,Q884
Q16011604,Q423
Q16017432,Q884
Q16019704,Q884
Q16067414,Q884
Q16067532,Q884
Q16067752,Q884
Q16067797,Q884
Q16067821,Q884
Q16067832,Q884
Q16068026,Q884
Q16068059,Q884
Q16068080,Q884
Q16068123,Q884
Q16068130,Q884
Q16068137,Q884
Q16068207,Q884
Q16068246,Q884
Q16068320,Q884
Q16068325,Q884
Q16068544,Q884
Q16068576,Q884
Q16068581,Q884
Q16068586,Q884
Q16068598,Q884
Q16068605,Q884
Q16068609,Q884
Q16068617,Q884
Q16068626,Q884
Q16068630,Q884
Q16068635,Q884
Q16071030,Q884
Q16079889,Q884
Q16079902,Q884
Q16079919,Q884
Q16079937,Q884
Q16079948,Q884
Q16079952,Q884
Q16079960,Q884
Q16079966,Q884
Q16079983,Q884
Q16079986,Q884
Q16079988,Q884
Q16080002,Q884
Q16080003,Q884
Q16080004,Q884
Q16080006,Q884
Q16080019,Q884
Q16080030,Q884
Q16080034,Q884
Q16080036,Q884
Q16080039,Q884
Q16080043,Q423
Q16080043,Q884
Q16080055,Q884
Q16080063,Q884
Q16080065,Q884
Q16080066,Q884
Q16080071,Q884
Q16080091,Q884
Q16080107,Q884
Q16080127,Q884
Q16080128,Q884
Q16080133,Q884
Q16080140,Q884
Q16080148,Q884
Q16080155,Q884
Q16080157,Q884
Q16080179,Q884
Q16080186,Q884
Q16080195,Q884
Q16080203,Q884
Q16080209,Q884
Q16080210,Q884
Q16080216,Q884
Q16080217,Q884
Q16080219,Q884
Q16080231,Q884
Q16080234,Q884
Q16080243,Q884
Q16080266,Q884
Q16080270,Q884
Q16080277,Q884
Q16080279,Q884
Q16080280,Q884
Q16080285,Q884
Q16080288,Q884
Q16080300,Q884
Q16080301,Q884
Q16080303,Q884
Q16080315,Q884
Q16080319,Q884
Q16080326,Q884
Q16080333,Q884
Q16080335,Q884
Q16080336,Q884
Q16080365,Q884
Q16080373,Q884
Q16080380,Q884
Q16080396,Q884
Q16080400,Q884
Q16080405,Q884
Q16080409,Q884
Q16080413,Q884
Q16080427,Q884
Q16080433,Q884
Q16080487,Q884
Q16080535,Q884
Q16080567,Q884
Q16080568,Q884
Q16080669,Q884
Q16080674,Q884
Q16080688,Q884
Q16080717,Q884
Q16080763,Q884
Q16080785,Q884
Q16080831,Q884
Q16080834,Q884
Q16080876,Q884
Q16080921,Q884
Q16080927,Q884
Q16080966,Q884
Q16080991,Q884
Q16081044,Q884
Q16081058,Q884
Q16081153,Q884
Q16081166,Q884
Q16081513,Q884
Q16081569,Q884
Q16081587,Q884
Q16081621,Q884
Q16081747,Q884
Q16081781,Q884
Q16081841,Q884
Q16081934,Q884
Q16081942,Q884
Q16082122,Q884
Q16082243,Q884
Q16082436,Q884
Q16082575,Q884
Q16082602,Q884
Q16082690,Q884
Q16082896,Q884
Q16082942,Q884
Q16083029,Q884
Q16083075,Q884
Q16083096,Q884
Q16083168,Q884
Q16083220,Q884
Q16083277,Q884
Q16083336,Q884
Q16083487,Q884
Q16083638,Q884
Q16083647,Q884
Q16083768,Q884
Q16083851,Q884
Q16083881,Q884
Q16083895,Q884
Q16083920,Q884
Q16084011,Q884
Q16084156,Q884
Q16084163,Q884
Q16084291,Q884
Q16084406,Q884
Q16084556,Q884
Q16084577,Q884
Q16084648,Q884
Q16084739,Q884
Q16084762,Q884
Q16084983,Q884
Q16085021,Q884
Q16090171,Q884
Q16090176,Q884
Q16090193,Q884
Q16090194,Q884
Q16090199,Q884
Q16090200,Q884
Q16090210,Q884
Q16090218,Q884
Q16090231,Q884
Q16090234,Q884
Q16090319,Q884
Q16090352,Q884
Q16090358,Q884
Q16090398,Q18097
Q16090431,Q884
Q16090573,Q884
Q16090596,Q884
Q16090598,Q884
Q16090602,Q884
Q16090620,Q884
Q16090621,Q884
Q16090623,Q884
Q16090627,Q884
Q16090635,Q884
Q16090655,Q884
Q16090656,Q884
Q16090667,Q884
Q16090675,Q884
Q16090677,Q884
Q16090678,Q884
Q16090681,Q884
Q16090683,Q884
Q16090710,Q884
Q16090742,Q884
Q16090786,Q884
Q16090798,Q884
Q16090804,Q884
Q16090827,Q884
Q16090841,Q884
Q16090870,Q884
Q16090876,Q884
Q16090891,Q884
Q16090900,Q884
Q16090909,Q884
Q16090952,Q884
Q16090972,Q884
Q16090975,Q884
Q16090978,Q884
Q16090981,Q884
Q16090986,Q884
Q16090987,Q884
Q16091009,Q884
Q16091015,Q884
Q16091018,Q884
Q16091031,Q884
Q16091034,Q884
Q16091035,Q884
Q16091040,Q884
Q16091041,Q884
Q16091043,Q884
Q16091080,Q884
Q16091081,Q884
Q16091093,Q884
Q16091096,Q884
Q16091098,Q884
Q16091160,Q884
Q16091181,Q884
Q16091208,Q884
Q16091214,Q884
Q16091239,Q884
Q16091248,Q884
Q16091265,Q884
Q16091269,Q884
Q16091275,Q884
Q16091287,Q884
Q16091294,Q884
Q16091306,Q884
Q16091315,Q884
Q16091317,Q884
Q16091331,Q884
Q16091349,Q884
Q16091370,Q884
Q16091408,Q884
Q16091452,Q884
Q16091493,Q884
Q16091507,Q884
Q16091519,Q884
Q16091527,Q884
Q16091531,Q884
Q16091539,Q884
Q16091556,Q884
Q16091617,Q884
Q16091629,Q884
Q16091679,Q884
Q16091686,Q884
Q16091687,Q884
Q16091701,Q884
Q16091706,Q884
Q16091711,Q884
Q16091718,Q884
Q16091722,Q884
Q16091768,Q884
Q16091790,Q884
Q16091829,Q884
Q16091835,Q884
Q16091838,Q884
Q16091847,Q884
Q16091873,Q884
Q16091894,Q884
Q16091907,Q884
Q16091926,Q884
Q16091932,Q884
Q16091936,Q884
Q16091938,Q884
Q16091951,Q884
Q16091956,Q884
Q16091959,Q884
Q16091964,Q884
Q16091983,Q884
Q16091989,Q884
Q16091995,Q884
Q16092047,Q884
Q16092070,Q884
Q16092077,Q884
Q16092094,Q884
Q16092102,Q884
Q16092119,Q884
Q16092134,Q884
Q16092148,Q884
Q16092153,Q884
Q16092163,Q884
Q16092199,Q884
Q16092256,Q884
Q16092273,Q884
Q16092276,Q884
Q16092311,Q884
Q16092327,Q884
Q16092335,Q884
Q16092426,Q884
Q16092432,Q884
Q16092440,Q884
Q16092482,Q884
Q16092492,Q884
Q16092600,Q884
Q16092618,Q884
Q16092792,Q884
Q16093115,Q884
Q16093226,Q884
Q16093359,Q884
Q16093399,Q884
Q16093405,Q884
Q16093434,Q423
Q16093434,Q884
Q16093452,Q884
Q16093476,Q884
Q16093480,Q884
Q16093486,Q884
Q16093681,Q884
Q16094341,Q188712
Q16094341,Q884
Q16094993,Q884
Q16094998,Q884
Q16095014,Q884
Q16095550,Q884
Q16095581,Q884
Q16096423,Q884
Q16096938,Q884
Q16096981,Q884
Q16097093,Q884
Q16097105,Q884
Q16097109,Q884
Q16097143,Q884
Q16097172,Q884
Q16097650,Q884
Q16097694,Q884
Q16097736,Q884
Q16097769,Q884
Q16097900,Q884
Q16097909,Q884
Q16097986,Q884
Q16097988,Q884
Q16098012,Q423
Q16098012,Q884
Q16098022,Q884
Q16098259,Q884
Q16098856,Q884
Q16105385,Q884
Q16140583,Q884
Q16160030,Q884
Q16160132,Q8646
Q16160132,Q884
Q16160272,Q884
Q16160337,Q884
Q16160352,Q884
Q16160602,Q423
Q16160602,Q884
Q16160910,Q884
Q16160933,Q884
Q16161374,Q884
Q16161614,Q884
Q16161809,Q884
Q16162707,Q884
Q16163036,Q884
Q16163145,Q884
Q16163303,Q28179
Q16163357,Q884
Q16163373,Q884
Q16163611,Q884
Q16163623,Q884
Q16163642,Q884
Q16163689,Q884
Q16163714,Q423
Q16163737,Q884
Q16163854,Q28179
Q16164866,Q884
Q16166266,Q884
Q16166389,Q884
Q16166453,Q884
Q16166596,Q884
Q16166662,Q884
Q16167489,Q884
Q16167549,Q884
Q16167588,Q884
Q16167888,Q884
Q16168020,Q884
Q16168035,Q884
Q16168122,Q884
Q16168314,Q884
Q16168875,Q884
Q16168944,Q884
Q16169021,Q884
Q16169036,Q884
Q16169107,Q884
Q16169215,Q884
Q16169270,Q884
Q16169370,Q884
Q16169593,Q884
Q16169742,Q884
Q16169911,Q884
Q16169953,Q884
Q16169960,Q884
Q16170091,Q884
Q16170097,Q884
Q16170225,Q884
Q16170254,Q884
Q16170392,Q884
Q16170666,Q884
Q16170710,Q884
Q16170820,Q884
Q16170972,Q884
Q16171277,Q884
Q16171354,Q884
Q16171422,Q884
Q16171525,Q884
Q16171539,Q884
Q16171574,Q884
Q16171619,Q884
Q16171625,Q884
Q16171697,Q884
Q16171922,Q884
Q16171942,Q503585
Q16171942,Q884
Q16171959,Q884
Q16171980,Q884
Q16171989,Q884
Q16171994,Q884
Q16172081,Q884
Q16172110,Q884
Q16172131,Q884
Q16172178,Q884
Q16172192,Q884
Q16172214,Q884
Q16172283,Q884
Q16172334,Q884
Q16172492,Q884
Q16172511,Q884
Q16172531,Q18097
Q16172540,Q884
Q16172768,Q884
Q16172771,Q884
Q16172801,Q884
Q16172892,Q884
Q16172924,Q884
Q16172944,Q884
Q16172954,Q884
Q16173059,Q884
Q16173117,Q884
Q16173128,Q884
Q16173139,Q884
Q16173154,Q884
Q16173223,Q884
Q16173248,Q884
Q16173257,Q884
Q16173276,Q884
Q16173293,Q884
Q16173298,Q884
Q16173333,Q884
Q16173347,Q884
Q16173380,Q884
Q16173397,Q884
Q16173472,Q884
Q16173477,Q884
Q16173510,Q423
Q16173535,Q884
Q16173541,Q884
Q16173563,Q884
Q16173600,Q884
Q16173622,Q884
Q16173635,Q884
Q16173672,Q884
Q16173707,Q884
Q16173720,Q884
Q16173737,Q884
Q16173739,Q28179
Q16173763,Q884
Q16173765,Q884
Q16173772,Q884
Q16173786,Q423
Q16173933,Q884
Q16173994,Q884
Q16174025,Q884
Q16174033,Q884
Q16174097,Q884
Q16174115,Q884
Q16174163,Q884
Q16174224,Q884
Q16174257,Q884
Q16174295,Q884
Q16174303,Q884
Q16174318,Q423
Q16174399,Q884
Q16174417,Q884
Q16174458,Q884
Q16174487,Q884
Q16174513,Q884
Q16174598,Q884
Q16174609,Q423
Q16174632,Q884
Q16174643,Q884
Q16174683,Q884
Q16174697,Q884
Q16174709,Q423
Q16174709,Q884
Q16174783,Q884
Q16174814,Q884
Q16174898,Q884
Q16174939,Q884
Q16174978,Q884
Q16174984,Q884
Q16175055,Q884
Q16175060,Q884
Q16175111,Q884
Q16175126,Q884
Q16175157,Q884
Q16175181,Q884
Q16175199,Q884
Q16175272,Q884
Q16175305,Q884
Q16175332,Q884
Q16175347,Q884
Q16175363,Q884
Q16175372,Q884
Q16175377,Q884
Q16175405,Q884
Q16175419,Q884
Q16175424,Q884
Q16175482,Q423
Q16175491,Q884
Q16175493,Q884
Q16175523,Q423
Q16175551,Q884
Q16175585,Q884
Q16175600,Q884
Q16175660,Q884
Q16175684,Q884
Q16175716,Q884
Q16175784,Q884
Q16175789,Q884
Q16175790,Q884
Q16175811,Q884
Q16175819,Q884
Q16175860,Q884
Q16175897,Q884
Q16175916,Q884
Q16175943,Q884
Q16176013,Q423
Q16176026,Q884
Q16176035,Q884
Q16176070,Q884
Q16176072,Q423
Q16176094,Q884
Q16176116,Q884
Q16176119,Q423
Q16176157,Q884
Q16176164,Q423
Q16176164,Q884
Q16176201,Q884
Q16176230,Q884
Q16176231,Q884
Q16176234,Q884
Q16176238,Q884
Q16176271,Q28179
Q16176309,Q884
Q16176332,Q423
Q16176365,Q884
Q16176430,Q884
Q16176441,Q884
Q16176450,Q884
Q16176514,Q884
Q16176605,Q884
Q16176636,Q884
Q16176680,Q423
Q16176727,Q884
Q16176835,Q884
Q16176874,Q884
Q16176903,Q884
Q16176956,Q884
Q16176990,Q884
Q16177031,Q884
Q16177051,Q884
Q16177058,Q884
Q16177115,Q423
Q16177184,Q884
Q16177195,Q884
Q16177202,Q884
Q16177229,Q884
Q16177254,Q884
Q16177267,Q884
Q16177286,Q884
Q16177301,Q884
Q16177314,Q884
Q16177328,Q28208
Q16177357,Q28179
Q16177359,Q884
Q16177378,Q884
Q16177384,Q884
Q16177419,Q884
Q16177510,Q884
Q16177539,Q884
Q16177544,Q884
Q16177551,Q884
Q16177561,Q884
Q16177577,Q884
Q16177590,Q884
Q16177593,Q884
Q16177602,Q884
Q16177629,Q884
Q16177641,Q884
Q16177650,Q884
Q16177663,Q884
Q16177672,Q884
Q16177685,Q884
Q16177712,Q884
Q16177718,Q884
Q16177721,Q884
Q16177750,Q884
Q16177763,Q884
Q16177782,Q884
Q16177787,Q884
Q16177800,Q884
Q16177852,Q884
Q16177870,Q884
Q16177887,Q884
Q16177892,Q884
Q16177903,Q884
Q16177906,Q884
Q16177924,Q884
Q16177950,Q884
Q16177962,Q423
Q16177962,Q503585
Q16177963,Q884
Q16177984,Q884
Q16177999,Q884
Q16178035,Q884
Q16178036,Q18097
Q16178036,Q28179
Q16178111,Q884
Q16178118,Q884
Q16178136,Q884
Q16178142,Q884
Q16178152,Q884
Q16178154,Q884
Q16178161,Q884
Q16178209,Q884
Q16178213,Q884
Q16178251,Q884
Q16178287,Q884
Q16178292,Q884
Q16178301,Q884
Q16178318,Q884
Q16178395,Q884
Q16178414,Q884
Q16178425,Q884
Q16178449,Q884
Q16178477,Q884
Q16178502,Q884
Q16178548,Q884
Q16178584,Q884
Q16178637,Q884
Q16178675,Q503585
Q16178675,Q884
Q16178678,Q884
Q16178789,Q884
Q16178794,Q884
Q16178977,Q884
Q16179000,Q884
Q16179030,Q884
Q16179044,Q884
Q16179050,Q884
Q16179062,Q884
Q16179069,Q884
Q16179071,Q884
Q16179092,Q884
Q16179100,Q884
Q16179113,Q884
Q16179159,Q884
Q16179181,Q884
Q16179183,Q884
Q16179195,Q503585
Q16179195,Q884
Q16179196,Q884
Q16179206,Q884
Q16179255,Q884
Q16179270,Q423
Q16179294,Q884
Q16179296,Q884
Q16179307,Q884
Q16179318,Q884
Q16179331,Q884
Q16179344,Q884
Q16179346,Q884
Q16179423,Q884
Q16179504,Q884
Q16179518,Q884
Q16179519,Q884
Q16179548,Q423
Q16179601,Q884
Q16179644,Q884
Q16179683,Q884
Q16179744,Q884
Q16179779,Q884
Q16179807,Q423
Q16179831,Q423
Q16179831,Q884
Q16179955,Q884
Q16179981,Q884
Q16180020,Q884
Q16180037,Q884
Q16180059,Q884
Q16180068,Q884
Q16180087,Q884
Q16180106,Q884
Q16180141,Q884
Q16180217,Q884
Q16180230,Q884
Q16180243,Q884
Q16180277,Q884
Q16180284,Q28179
Q16180322,Q884
Q16180324,Q28179
Q16180342,Q884
Q16180343,Q28208
Q16180351,Q884
Q16180356,Q884
Q16180366,Q884
Q16180431,Q884
Q16180444,Q884
Q16180470,Q884
Q16180486,Q884
Q16180502,Q884
Q16180552,Q884
Q16180574,Q884
Q16180598,Q884
Q16180603,Q884
Q16180642,Q884
Q16180713,Q884
Q16180731,Q884
Q16180744,Q884
Q16180752,Q18097
Q16180796,Q884
Q16180797,Q884
Q16180856,Q884
Q16180890,Q884
Q16180899,Q884
Q16180926,Q28208
Q16180968,Q423
Q16180989,Q884
Q16180995,Q884
Q16181007,Q884
Q16181016,Q884
Q16181033,Q884
Q16181084,Q884
Q16181144,Q884
Q16181153,Q884
Q16181216,Q884
Q16181229,Q884
Q16181235,Q884
Q16181281,Q884
Q16181332,Q884
Q16181460,Q884
Q16181466,Q884
Q16181474,Q884
Q16181486,Q884
Q16181530,Q884
Q16181559,Q884
Q16181615,Q884
Q16181683,Q884
Q16181706,Q884
Q16181793,Q884
Q16181825,Q884
Q16181835,Q884
Q16181850,Q884
Q16181852,Q884
Q16181893,Q884
Q16182034,Q884
Q16182119,Q884
Q16182288,Q884
Q16182441,Q884
Q16182518,Q884
Q16182567,Q884
Q16182584,Q884
Q16182597,Q884
Q16182602,Q884
Q16182619,Q884
Q16182713,Q884
Q16182891,Q884
Q16182997,Q884
Q16183018,Q884
Q16183022,Q884
Q16183125,Q884
Q16183133,Q884
Q16183258,Q884
Q16183552,Q884
Q16183577,Q884
Q16183599,Q884
Q16183634,Q884
Q16183695,Q884
Q16183879,Q28233
Q16183879,Q884
Q16183924,Q884
Q16183966,Q884
Q16183997,Q884
Q16184008,Q28179
Q16184008,Q28208
Q16184184,Q884
Q16184339,Q884
Q16184442,Q884
Q16184470,Q884
Q16184556,Q884
Q16184648,Q503585
Q16184648,Q884
Q16184826,Q884
Q16184955,Q884
Q16184997,Q884
Q16187395,Q884
Q16187401,Q884
Q16187481,Q884
Q16189061,Q884
Q16189068,Q884
Q16189078,Q884
Q16189093,Q884
Q16189158,Q18097
Q16189313,Q884
Q16189628,Q884
Q16189875,Q503585
Q16189875,Q884
Q16189962,Q884
Q16190019,Q884
Q16190025,Q884
Q16191893,Q884
Q16191908,Q884
Q16191954,Q884
Q16192539,Q884
Q16192561,Q884
Q16192929,Q30
Q16193195,Q884
Q16211707,Q884
Q16219432,Q884
Q16219462,Q884
Q16219502,Q884
Q16219510,Q884
Q16219526,Q884
Q16219528,Q884
Q16219531,Q884
Q16219533,Q884
Q16219535,Q884
Q16219543,Q884
Q16219632,Q423
Q16219795,Q884
Q16219820,Q884
Q16219872,Q884
Q16219884,Q884
Q16219888,Q884
Q16219893,Q884
Q16219894,Q884
Q16219962,Q884
Q16220089,Q884
Q16220099,Q884
Q16243537,Q423
Q16261127,Q884
Q16261159,Q884
Q16261175,Q884
Q16261176,Q884
Q16261183,Q884
Q16261184,Q884
Q16261188,Q884
Q16261192,Q423
Q16261253,Q884
Q16261543,Q884
Q16261591,Q884
Q16261592,Q884
Q16261729,Q884
Q16261763,Q884
Q16261811,Q884
Q16261861,Q884
Q16261889,Q423
Q16261889,Q884
Q16261900,Q884
Q16261920,Q884
Q16261948,Q884
Q16261954,Q884
Q16261958,Q884
Q16261994,Q884
Q16262022,Q884
Q16262034,Q884
Q16262089,Q884
Q16262110,Q884
Q16262161,Q17
Q16262161,Q884
Q16262186,Q423
Q16262220,Q884
Q16262243,Q884
Q16262269,Q884
Q16262273,Q884
Q16262440,Q884
Q16262503,Q884
Q16262531,Q884
Q16262533,Q884
Q16262536,Q884
Q16262552,Q884
Q16262587,Q884
Q16262591,Q884
Q16262593,Q884
Q16262603,Q884
Q16262608,Q884
Q16262614,Q884
Q16262667,Q423
Q16262667,Q884
Q16262689,Q884
Q16262690,Q884
Q16262695,Q423
Q16262695,Q884
Q16267417,Q423
Q16267441,Q884
Q16298990,Q884
Q16299856,Q884
Q16318706,Q884
Q16435447,Q884
Q165210,Q884
Q165652,Q884
Q165659,Q884
Q165661,Q884
Q1656902,Q884
Q165698,Q884
Q16586322,Q884
Q16591597,Q884
Q1659390,Q884
Q16603672,Q423
Q16623783,Q884
Q166238,Q884
Q16630731,Q884
Q16630799,Q884
Q16630918,Q884
Q16630964,Q884
Q16631014,Q884
Q16631093,Q884
Q16631124,Q884
Q16631360,Q884
Q166421,Q18097
Q166421,Q884
Q166531,Q884
Q166540,Q884
Q166549,Q884
Q166556,Q884
Q166644,Q884
Q166650,Q884
Q166653,Q884
Q166685,Q884
Q166698,Q884
Q166707,Q884
Q166738,Q884
Q166753,Q884
Q166762,Q884
Q16704382,Q884
Q167060,Q884
Q16726587,Q884
Q16726615,Q884
Q16726837,Q884
Q167446,Q884
Q16745703,Q884
Q16745714,Q884
Q16745727,Q884
Q16745728,Q884
Q16745751,Q884
Q16745939,Q884
Q16745974,Q884
Q16766758,Q884
Q16766784,Q884
Q16766921,Q884
Q16767748,Q884
Q16767798,Q884
Q16782135,Q884
Q168406,Q884
Q168435,Q884
Q168448,Q884
Q168463,Q884
Q168480,Q884
Q168530,Q884
Q168567,Q17
Q168567,Q884
Q168642,Q884
Q16865202,Q884
Q16875862,Q884
Q16880402,Q28179
Q16904638,Q884
Q16904639,Q423
Q16904987,Q423
Q16907673,Q423
Q16907678,Q423
Q16908078,Q423
Q16908151,Q423
Q169144,Q884
Q16929680,Q884
Q169717,Q884
Q16978451,Q884
Q16978864,Q28208
Q16978867,Q884
Q16978897,Q28179
Q16978911,Q28179
Q1699054,Q884
Q1699586,Q884
Q170001,Q884
Q1707444,Q884
Q17094935,Q884
Q17095009,Q884
Q1710185,Q884
Q1711663,Q884
Q17129577,Q884
Q171306,Q884
Q17152098,Q884
Q171544,Q884
Q17157496,Q884
Q17158067,Q423
Q17158147,Q884
Q17164669,Q423
Q171684,Q28179
Q171684,Q28233
Q171684,Q28278
Q171684,Q884
Q17172288,Q884
Q17172330,Q884
Q17172378,Q884
Q17172386,Q884
Q171883,Q884
Q17189506,Q43
Q17189506,Q884
Q17192696,Q884
Q17192697,Q884
Q17213139,Q423
Q17213221,Q884
Q17213227,Q423
Q17213751,Q423
Q17216108,Q17
Q17216108,Q884
Q17238210,Q884
Q17278216,Q884
Q17278222,Q28208
Q17278283,Q884
Q17278285,Q884
Q17304817,Q884
Q17304860,Q884
Q17306168,Q884
Q17318632,Q884
Q17345950,Q884
Q17345969,Q884
Q17346063,Q884
Q17346074,Q884
Q17346079,Q884
Q17346080,Q884
Q17346168,Q884
Q17346176,Q884
Q17346805,Q884
Q17346810,Q884
Q17346819,Q884
Q17346822,Q884
Q17346845,Q884
Q17349550,Q884
Q17361376,Q884
Q1737415,Q884
Q17388461,Q884
Q17401229,Q884
Q17401428,Q884
Q17401441,Q884
Q17401456,Q884
Q1741471,Q884
Q1741504,Q884
Q1741525,Q423
Q1741601,Q884
Q17486965,Q884
Q17486966,Q884
Q17487425,Q884
Q17487449,Q884
Q17503492,Q884
Q17503518,Q884
Q17503946,Q884
Q17504012,Q884
Q17504091,Q884
Q17504093,Q884
Q17504166,Q884
Q17504204,Q884
Q17504530,Q884
Q17505824,Q884
Q1753362,Q884
Q17564386,Q884
Q17564402,Q884
Q17564600,Q884
Q17564686,Q884
Q176188,Q423
Q17636415,Q884
Q1764188,Q884
Q176638,Q423
Q17682944,Q884
Q17682960,Q884
Q17682981,Q884
Q17688637,Q884
Q17716218,Q884
Q17781155,Q884
Q1795198,Q884
Q179633,Q884
Q17963959,Q884
Q17963987,Q884
Q17964020,Q884
Q17964143,Q884
Q17964206,Q884
Q18013379,Q884
Q18052668,Q884
Q18070620,Q884
Q180941,Q884
Q181009,Q884
Q181027,Q884
Q181153,Q884
Q181159,Q884
Q181164,Q884
Q18116792,Q884
Q181176,Q884
Q1811820,Q884
Q181198,Q884
Q18142600,Q884
Q18176096,Q884
Q181993,Q423
Q18203706,Q884
Q182089,Q884
Q18230221,Q884
Q18233720,Q423
Q18328683,Q884
Q18329053,Q884
Q18335626,Q884
Q18338606,Q884
Q18338875,Q884
Q18342477,Q884
Q18342480,Q884
Q18381120,Q884
Q18381259,Q884
Q18381465,Q884
Q18512132,Q884
Q18531315,Q884
Q18550343,Q884
Q18551265,Q884
Q18567207,Q884
Q18567368,Q884
Q18567542,Q884
Q18604814,Q884
Q18604869,Q884
Q18604926,Q884
Q18604934,Q884
Q18604938,Q884
Q18605667,Q884
Q18605676,Q884
Q18605742,Q884
Q18605750,Q884
Q18605825,Q884
Q18616109,Q884
Q18625086,Q884
Q18642273,Q884
Q18648106,Q884
Q18648114,Q884
Q18648123,Q884
Q18648142,Q884
Q18648443,Q884
Q18648469,Q884
Q18648470,Q884
Q18648496,Q884
Q18648498,Q884
Q18648599,Q884
Q186500,Q884
Q186601,Q884
Q18668825,Q884
Q18683734,Q884
Q18683739,Q884
Q18684234,Q884
Q18685122,Q884
Q18697706,Q884
Q18697707,Q884
Q18697708,Q884
Q18705651,Q884
Q18732374,Q503585
Q18732374,Q884
Q18733788,Q884
Q18800,Q16
Q18815387,Q884
Q18815392,Q884
Q18815396,Q884
Q18815493,Q884
Q18815549,Q884
Q18815574,Q884
Q18815575,Q884
Q18815582,Q884
Q18815599,Q884
Q18815650,Q884
Q18815657,Q884
Q18815664,Q884
Q18815694,Q884
Q18815737,Q884
Q18817801,Q423
Q18880553,Q884
Q18880560,Q884
Q18880637,Q884
Q18880681,Q884
Q18880717,Q884
Q18880771,Q884
Q18880828,Q884
Q18914,Q884
Q18998245,Q884
Q18998252,Q884
Q18998258,Q884
Q18998273,Q884
Q18998274,Q884
Q18998275,Q884
Q18998279,Q884
Q18998322,Q884
Q18998351,Q884
Q18998399,Q884
Q18998408,Q884
Q18998418,Q884
Q18998523,Q884
Q18998530,Q884
Q18998547,Q884
Q18998598,Q884
Q18998605,Q884
Q18998612,Q884
Q18998632,Q884
Q18998740,Q884
Q18998869,Q884
Q18998896,Q884
Q18999022,Q884
Q18999039,Q884
Q18999044,Q884
Q18999171,Q884
Q18999185,Q884
Q18999419,Q884
Q18999454,Q884
Q18999466,Q884
Q18999468,Q884
Q18999475,Q884
Q18999498,Q884
Q18999502,Q884
Q18999956,Q884
Q18999957,Q884
Q18999960,Q884
Q18999968,Q884
Q18999969,Q884
Q18999972,Q884
Q18999973,Q884
Q18999980,Q884
Q19000008,Q884
Q19000042,Q884
Q19000043,Q884
Q19000052,Q884
Q19000056,Q884
Q19000065,Q884
Q19000072,Q884
Q19000212,Q884
Q19000224,Q884
Q19000268,Q884
Q19000269,Q884
Q19000346,Q884
Q19161727,Q884
Q19161733,Q884
Q19161834,Q884
Q19161835,Q884
Q19161837,Q884
Q19161848,Q884
Q19161849,Q884
Q19161850,Q884
Q19161864,Q884
Q19161866,Q884
Q19161869,Q884
Q19161881,Q884
Q19161933,Q884
Q19161943,Q884
Q19161988,Q884
Q19161997,Q884
Q19162008,Q884
Q19162013,Q884
Q19162017,Q884
Q19162018,Q884
Q19162022,Q884
Q19162031,Q884
Q19162039,Q884
Q19162053,Q884
Q19162058,Q884
Q19162059,Q884
Q19162061,Q884
Q19162064,Q884
Q19162067,Q884
Q19162082,Q884
Q19162090,Q884
Q19162097,Q884
Q19162105,Q884
Q19162106,Q884
Q19162109,Q884
Q19162110,Q884
Q19162114,Q884
Q19162125,Q884
Q19162128,Q884
Q19162129,Q884
Q19162130,Q884
Q19162139,Q884
Q19162142,Q884
Q19162143,Q884
Q19162145,Q884
Q19162146,Q884
Q19162148,Q884
Q19162150,Q884
Q19162151,Q884
Q19162153,Q884
Q19162155,Q884
Q19162162,Q884
Q19162165,Q884
Q19162166,Q884
Q19162168,Q884
Q19162170,Q884
Q19162171,Q884
Q19162174,Q884
Q19162175,Q884
Q19162179,Q884
Q19162218,Q884
Q19162227,Q884
Q19162229,Q884
Q19162230,Q884
Q19162254,Q884
Q19162258,Q884
Q19162259,Q884
Q19162262,Q884
Q19162284,Q884
Q19162290,Q884
Q19162294,Q884
Q19162300,Q884
Q19162310,Q884
Q19162311,Q884
Q19162314,Q884
Q19162336,Q884
Q19162355,Q884
Q19162370,Q884
Q19162373,Q884
Q19162384,Q884
Q19162397,Q884
Q19162409,Q884
Q19162416,Q884
Q19162419,Q884
Q192049,Q884
Q192111,Q884
Q19349259,Q884
Q19349623,Q884
Q19349650,Q884
Q19349718,Q884
Q19349740,Q884
Q19349777,Q884
Q19359988,Q884
Q19407748,Q884
Q194798,Q884
Q19561180,Q884
Q195795,Q884
Q19587071,Q18097
Q19598735,Q884
Q19598796,Q884
Q19598966,Q884
Q19599257,Q884
Q19599309,Q884
Q19603625,Q884
Q19603768,Q884
Q19603771,Q884
Q196064,Q423
Q196073,Q884
Q196223,Q884
Q19657402,Q884
Q196634,Q884
Q196640,Q884
Q196676,Q884
Q197476,Q884
Q19794577,Q884
Q19794588,Q423
Q19794591,Q884
Q19794685,Q884
Q19854570,Q884
Q199209,Q884
Q19939280,Q884
Q19939283,Q884
Q19939351,Q884
Q19939412,Q884
Q19939498,Q884
Q19939540,Q884
Q19939542,Q884
Q19940112,Q884
Q19940138,Q884
Q19940183,Q884
Q19940212,Q884
Q19940303,Q884
Q19940305,Q884
Q19940323,Q884
Q19940330,Q884
Q19940383,Q884
Q19940385,Q884
Q19940400,Q884
Q19940403,Q884
Q19940404,Q884
Q19940422,Q884
Q19940706,Q884
Q19940708,Q884
Q19940709,Q884
Q19940728,Q884
Q19940730,Q884
Q19940733,Q884
Q19940738,Q884
Q19940741,Q884
Q19940852,Q884
Q19940961,Q884
Q19940963,Q884
Q19940971,Q884
Q19940974,Q884
Q19940979,Q884
Q19940993,Q884
Q19941000,Q884
Q19941004,Q884
Q19941023,Q884
Q19941025,Q884
Q19941027,Q884
Q19941030,Q884
Q19941032,Q884
Q19941038,Q884
Q19941041,Q884
Q19941042,Q884
Q19941044,Q884
Q19941046,Q884
Q19941053,Q884
Q19941054,Q884
Q19941066,Q884
Q19941067,Q884
Q19941069,Q884
Q19941073,Q884
Q19941075,Q884
Q19941084,Q884
Q19941089,Q884
Q19941090,Q884
Q19941098,Q884
Q19941099,Q884
Q19941100,Q884
Q19941112,Q884
Q19941113,Q884
Q19941120,Q884
Q19941125,Q884
Q19941127,Q884
Q19941128,Q884
Q19941130,Q884
Q19941135,Q884
Q19941136,Q884
Q19941137,Q884
Q19941146,Q884
Q19941148,Q884
Q19941150,Q884
Q19941153,Q884
Q19941294,Q884
Q20010831,Q884
Q20038611,Q17
Q20042411,Q423
Q20091438,Q884
Q20149889,Q884
Q20273603,Q884
Q203248,Q884
Q203909,Q884
Q20444051,Q884
Q20444694,Q884
Q20444697,Q884
Q20444867,Q884
Q20445007,Q884
Q2052492,Q884
Q2059290,Q884
Q2059305,Q884
Q2061885,Q884
Q20651852,Q28179
Q20651866,Q884
Q20651954,Q884
Q20652164,Q884
Q20735780,Q423
Q20738991,Q884
Q20742005,Q884
Q20817383,Q423
Q208203,Q884
Q20855604,Q884
Q20855638,Q884
Q20855789,Q503585
Q20855812,Q884
Q20859562,Q884
Q208873,Q884
Q208918,Q884
Q20947272,Q884
Q20969969,Q884
Q20970124,Q30
Q20970124,Q884
Q20995,Q884
Q21001,Q884
Q210018,Q884
Q210382,Q884
Q210471,Q884
Q21057676,Q884
Q21057726,Q884
Q21058466,Q884
Q21058754,Q884
Q21059072,Q884
Q21059449,Q884
Q21059808,Q884
Q21059816,Q884
Q21059907,Q884
Q21059917,Q884
Q21059990,Q884
Q21060074,Q884
Q21060153,Q884
Q21060156,Q884
Q21060214,Q884
Q21060322,Q884
Q21060357,Q884
Q21060473,Q884
Q21060511,Q145
Q21066055,Q884
Q21074800,Q884
Q210928,Q884
Q2109458,Q884
Q2109463,Q884
Q2109496,Q884
Q2109546,Q884
Q211081,Q884
Q211284,Q884
Q211536,Q884
Q211537,Q884
Q211541,Q884
Q211549,Q884
Q211555,Q884
Q211571,Q884
Q211648,Q884
Q211650,Q884
Q211659,Q884
Q211660,Q884
Q211676,Q884
Q211688,Q884
Q211691,Q884
Q211698,Q884
Q211699,Q884
Q212990,Q884
Q213079,Q884
Q213110,Q423
Q21339383,Q884
Q214259,Q884
Q2147434,Q884
Q21475217,Q884
Q2156529,Q884
Q2156546,Q884
Q215737,Q28233
Q215737,Q503585
Q215737,Q884
Q21575568,Q884
Q21575573,Q884
Q21575724,Q884
Q21575779,Q884
Q21575780,Q884
Q21575792,Q884
Q21575809,Q884
Q21575822,Q884
Q21575826,Q884
Q21575882,Q884
Q21576935,Q884
Q21586319,Q884
Q2164272,Q884
Q2164635,Q30
Q2164635,Q36
Q2165189,Q884
Q21706962,Q884
Q21709729,Q884
Q21709735,Q884
Q21709746,Q884
Q21709841,Q884
Q21710026,Q884
Q21710203,Q884
Q21710208,Q884
Q21710263,Q884
Q21710340,Q884
Q21710370,Q43
Q21710370,Q884
Q217104,Q884
Q21710406,Q884
Q21710408,Q884
Q21710469,Q884
Q21710482,Q884
Q21710494,Q884
Q21710529,Q884
Q217376,Q884
Q217631,Q884
Q21824806,Q884
Q21824822,Q884
Q21824899,Q884
Q21824954,Q884
Q21824996,Q148
Q21825054,Q884
Q21825077,Q884
Q21825178,Q884
Q21825184,Q884
Q21825188,Q884
Q21825215,Q884
Q21825312,Q884
Q21825395,Q884
Q21825414,Q884
Q21825416,Q884
Q2195999,Q423
Q22069435,Q884
Q22128104,Q884
Q22131200,Q884
Q222788,Q884
Q2233555,Q423
Q224437,Q884
Q224639,Q884
Q22803,Q884
Q229124,Q884
Q229389,Q30
Q229389,Q884
Q22973104,Q884
Q22973110,Q884
Q22973114,Q884
Q22973121,Q884
Q22973139,Q884
Q22973147,Q884
Q22973155,Q884
Q22973163,Q884
Q22973178,Q884
Q22973181,Q884
Q22973273,Q884
Q22973820,Q884
Q22973891,Q884
Q22973900,Q884
Q22974006,Q884
Q22974406,Q884
Q22974650,Q884
Q22974678,Q884
Q22974741,Q884
Q22974757,Q884
Q22974822,Q884
Q22975015,Q884
Q22975048,Q884
Q22975111,Q884
Q22975320,Q884
Q22975369,Q884
Q22975407,Q884
Q23008789,Q423
Q2315679,Q884
Q232285,Q884
Q232449,Q884
Q232491,Q884
Q23304683,Q884
Q233371,Q884
Q233385,Q884
Q233717,Q884
Q233879,Q884
Q233884,Q884
Q233889,Q884
Q233894,Q30
Q233894,Q884
Q233906,Q884
Q233911,Q30
Q233911,Q884
Q234066,Q884
Q235081,Q884
Q235200,Q884
Q235613,Q884
Q235961,Q423
Q2362572,Q884
Q236272,Q884
Q236355,Q30
Q236355,Q884
Q236485,Q884
Q236603,Q884
Q23683381,Q884
Q23748,Q884
Q23759211,Q884
Q237673,Q884
Q23939885,Q884
Q23950430,Q884
Q239656,Q884
Q239901,Q884
Q23994986,Q884
Q23994999,Q884
Q24000080,Q884
Q24000172,Q884
Q24000173,Q884
Q24000175,Q884
Q24000291,Q884
Q24000341,Q884
Q24000360,Q884
Q24000552,Q884
Q24000661,Q884
Q24000700,Q884
Q24000733,Q884
Q24000773,Q884
Q24000905,Q884
Q240082,Q884
Q24048888,Q884
Q241873,Q30
Q241873,Q884
Q241939,Q423
Q24251305,Q884
Q242519,Q423
Q242651,Q884
Q242673,Q884
Q24273241,Q884
Q242820,Q884
Q24323646,Q884
Q24560680,Q884
Q246167,Q884
Q246375,Q884
Q24845051,Q884
Q24845052,Q884
Q24845053,Q884
Q24845054,Q884
Q24846650,Q884
Q24846655,Q884
Q24856036,Q884
Q24856057,Q884
Q24856074,Q884
Q24856176,Q884
Q24856189,Q884
Q24856209,Q884
Q24856218,Q884
Q24856224,Q884
Q24856370,Q884
Q24856417,Q503585
Q24857647,Q884
Q24858167,Q884
Q24859157,Q884
Q24859210,Q884
Q24859392,Q884
Q24859999,Q28208
Q24860408,Q28208
Q24861296,Q18097
Q24861435,Q884
Q24861439,Q884
Q24861830,Q884
Q24863482,Q884
Q24867537,Q28208
Q249228,Q884
Q249469,Q884
Q25227173,Q884
Q25252530,Q884
Q2530,Q183
Q253619,Q884
Q253626,Q884
Q25374501,Q884
Q254720,Q884
Q254910,Q884
Q255326,Q30
Q255326,Q884
Q255420,Q884
Q255557,Q884
Q25559386,Q884
Q256126,Q884
Q256932,Q884
Q257425,Q28179
Q257425,Q28233
Q257468,Q884
Q258314,Q884
Q25842475,Q884
Q259409,Q884
Q2598021,Q884
Q2600733,Q884
Q260799,Q884
Q26221530,Q884
Q262275,Q884
Q262323,Q884
Q262520,Q884
Q262542,Q884
Q263279,Q884
Q263732,Q17
Q263732,Q423
Q26454733,Q423
Q264816,Q884
Q265080,Q884
Q265160,Q884
Q265667,Q15180
Q265667,Q159
Q265667,Q884
Q266356,Q884
Q26689987,Q884
Q26695897,Q423
Q26701451,Q884
Q267019,Q884
Q267037,Q884
Q267493,Q884
Q26761732,Q884
Q26761733,Q884
Q26761735,Q884
Q267817,Q884
Q268521,Q884
Q268717,Q884
Q269537,Q884
Q269735,Q884
Q269742,Q884
Q269744,Q884
Q26987447,Q884
Q270135,Q884
Q27058672,Q884
Q270687,Q148
Q270857,Q884
Q271067,Q423
Q271566,Q423
Q27210302,Q884
Q272236,Q884
Q272329,Q884
Q27306309,Q884
Q273909,Q884
Q274000,Q884
Q274956,Q423
Q2749917,Q884
Q27514522,Q884
Q27514629,Q884
Q27559720,Q884
Q27559729,Q884
Q27559738,Q884
Q276158,Q884
Q27656749,Q884
Q27663019,Q884
Q276851,Q884
Q277225,Q884
Q27824719,Q884
Q27830773,Q423
Q278822,Q884
Q279059,Q423
Q27906365,Q884
Q27919953,Q884
Q27951533,Q884
Q27951543,Q884
Q27951674,Q884
Q27951694,Q423
Q27951871,Q884
Q27951902,Q884
Q27951970,Q884
Q27951979,Q884
Q27952008,Q884
Q27952143,Q884
Q27952144,Q884
Q27952178,Q884
Q27952219,Q884
Q27952415,Q884
Q27952430,Q884
Q27952481,Q884
Q27952521,Q884
Q27952613,Q884
Q27952651,Q884
Q27952669,Q884
Q27952670,Q884
Q27952672,Q884
Q27952703,Q884
Q27952704,Q884
Q27952707,Q884
Q27952713,Q423
Q27952810,Q884
Q27952827,Q884
Q27952866,Q884
Q27953240,Q884
Q27953283,Q884
Q27953285,Q884
Q27953288,Q884
Q27953342,Q884
Q27953350,Q884
Q27953452,Q884
Q27953453,Q884
Q27953551,Q884
Q27953554,Q884
Q27953629,Q884
Q27953830,Q884
Q27982975,Q884
Q281403,Q884
Q281931,Q884
Q28355501,Q884
Q28355504,Q884
Q28355518,Q884
Q28355519,Q884
Q28355520,Q884
Q28357798,Q884
Q28357800,Q884
Q28357830,Q884
Q28357832,Q884
Q28357857,Q884
Q28357864,Q884
Q28357894,Q884
Q28357923,Q423
Q283583,Q884
Q283757,Q884
Q284094,Q884
Q28415860,Q884
Q284993,Q423
Q28502606,Q884
Q28530017,Q884
Q2856212,Q884
Q28607727,Q884
Q28663892,Q884
Q28698539,Q884
Q28698692,Q884
Q28698781,Q884
Q28699266,Q884
Q28699503,Q28208
Q28699529,Q28208
Q28699722,Q884
Q28700267,Q884
Q28700386,Q18097
Q28700387,Q884
Q28700404,Q884
Q28700409,Q884
Q28700424,Q884
Q28700435,Q884
Q28700456,Q884
Q28700836,Q884
Q28800585,Q884
Q28920850,Q884
Q28920856,Q884
Q28966728,Q884
Q289772,Q423
Q290068,Q884
Q290926,Q884
Q290985,Q884
Q2913717,Q28208
Q291446,Q884
Q292687,Q884
Q292723,Q884
Q292741,Q884
Q294548,Q17
Q294548,Q884
Q2947218,Q28208
Q2947463,Q884
Q2964214,Q884
Q2964316,Q28208
Q296734,Q884
Q29841145,Q423
Q29881198,Q884
Q299395,Q884
Q299700,Q30
Q299700,Q884
Q301761,Q15180
Q301761,Q423
Q302096,Q28208
Q302129,Q884
Q303805,Q884
Q30606718,Q884
Q30606719,Q884
Q30606727,Q884
Q30606730,Q884
Q30606735,Q884
Q30606742,Q884
Q30606744,Q884
Q30606758,Q884
Q30606759,Q884
Q30606768,Q884
Q30606789,Q884
Q30606790,Q884
Q30606792,Q884
Q30606801,Q884
Q30606805,Q884
Q30606816,Q884
Q30606823,Q884
Q30606850,Q884
Q30606851,Q884
Q30606856,Q884
Q30606857,Q884
Q30606863,Q884
Q30606876,Q884
Q30606880,Q884
Q30606886,Q884
Q30606891,Q884
Q30609413,Q884
Q30609414,Q884
Q30609431,Q884
Q30609435,Q884
Q30609440,Q884
Q30609444,Q884
Q30609450,Q884
Q30609459,Q884
Q30609460,Q884
Q30609479,Q884
Q30609483,Q884
Q30609486,Q503585
Q30609486,Q884
Q30609491,Q884
Q30609492,Q884
Q30609499,Q884
Q30609504,Q884
Q30609509,Q884
Q30673332,Q884
Q307488,Q884
Q30949603,Q884
Q310673,Q423
Q310673,Q884
Q310875,Q423
Q310889,Q423
Q310971,Q884
Q311219,Q148
Q31176597,Q884
Q31176839,Q884
Q31176842,Q884
Q31177437,Q884
Q31178212,Q884
Q31178226,Q884
Q31178318,Q884
Q31178656,Q884
Q31178662,Q884
Q31178682,Q884
Q31178702,Q884
Q31178801,Q884
Q31178805,Q884
Q31178810,Q884
Q31178811,Q884
Q31178871,Q884
Q31179144,Q884
Q31179172,Q884
Q31179202,Q884
Q31179301,Q884
Q31179449,Q884
Q31179575,Q884
Q31179630,Q884
Q31179802,Q884
Q31180126,Q884
Q31180394,Q884
Q3118665,Q423
Q311934,Q423
Q312512,Q884
Q3126635,Q423
Q312943,Q423
Q313083,Q884
Q313350,Q884
Q313940,Q884
Q313968,Q884
Q314086,Q884
Q314728,Q884
Q3148846,Q884
Q315484,Q884
Q316523,Q884
Q31737,Q884
Q317824,Q423
Q318485,Q884
Q318545,Q423
Q318757,Q884
Q3196285,Q884
Q3196768,Q884
Q3196806,Q884
Q3196824,Q884
Q3196825,Q423
Q3196829,Q884
Q3196925,Q884
Q319920,Q884
Q319934,Q18097
Q319934,Q30
Q320597,Q884
Q32059867,Q884
Q320648,Q884
Q32163174,Q884
Q32163194,Q884
Q32163820,Q884
Q3228903,Q884
Q322963,Q884
Q323075,Q884
Q323668,Q884
Q3237558,Q884
Q3240987,Q884
Q326575,Q884
Q327114,Q884
Q32749,Q884
Q328229,Q884
Q32826536,Q884
Q328364,Q884
Q33082981,Q884
Q332916,Q884
Q332998,Q884
Q333008,Q884
Q333022,Q884
Q333042,Q884
Q333163,Q884
Q333172,Q423
Q333192,Q884
Q3332980,Q30
Q334111,Q28179
Q334111,Q28233
Q334297,Q188712
Q334297,Q28233
Q334297,Q423
Q334312,Q28208
Q334326,Q423
Q334504,Q884
Q335164,Q423
Q336417,Q884
Q3365409,Q884
Q337019,Q884
Q3375326,Q884
Q3382230,Q28179
Q339595,Q17
Q339595,Q188712
Q339812,Q884
Q3429979,Q423
Q345308,Q403
Q345308,Q884
Q346751,Q884
Q347423,Q884
Q348202,Q884
Q3484849,Q884
Q348543,Q884
Q348758,Q884
Q350199,Q884
Q350215,Q884
Q350394,Q423
Q352840,Q884
Q3548661,Q884
Q356200,Q884
Q356335,Q423
Q356335,Q884
Q3565089,Q884
Q3565110,Q884
Q356666,Q884
Q356675,Q884
Q356839,Q884
Q3572265,Q884
Q3572556,Q423
Q3572559,Q884
Q3573079,Q423
Q357391,Q30
Q357391,Q884
Q357776,Q30
Q357776,Q884
Q35816220,Q884
Q359789,Q884
Q360793,Q423
Q361030,Q423
Q3615940,Q884
Q367789,Q884
Q368308,Q884
Q368408,Q884
Q368516,Q884
Q368677,Q423
Q368852,Q884
Q368892,Q28208
Q369019,Q423
Q369119,Q423
Q369150,Q423
Q3700561,Q884
Q3703166,Q884
Q3703171,Q884
Q370475,Q423
Q370552,Q884
Q371788,Q884
Q371800,Q884
Q3724024,Q884
Q372575,Q423
Q373453,Q408
Q373453,Q884
Q375427,Q155
Q375427,Q884
Q375955,Q423
Q376215,Q884
Q37682,Q28179
Q377913,Q884
Q378483,Q28179
Q378483,Q28208
Q3786443,Q884
Q3789181,Q884
Q379517,Q884
Q379662,Q884
Q379667,Q423
Q380118,Q884
Q380121,Q884
Q380123,Q884
Q380125,Q884
Q380681,Q884
Q381169,Q884
Q3812751,Q884
Q3815302,Q884
Q381845,Q884
Q3831498,Q884
Q384293,Q884
Q384513,Q884
Q385795,Q423
Q386194,Q884
Q3867051,Q884
Q38804,Q188712
Q38804,Q423
Q388495,Q884
Q38856304,Q884
Q389169,Q884
Q390099,Q884
Q39040353,Q884
Q39040354,Q884
Q39040478,Q884
Q39040481,Q884
Q39040483,Q884
Q391397,Q884
Q391400,Q884
Q391965,Q884
Q392415,Q884
Q39439585,Q18097
Q3977018,Q884
Q39963,Q884
Q399762,Q884
Q399775,Q884
Q399977,Q884
Q400015,Q884
Q400634,Q408
Q400634,Q884
Q401464,Q884
Q4020780,Q884
Q402154,Q884
Q402156,Q884
Q402165,Q884
Q402170,Q884
Q402179,Q884
Q4022738,Q884
Q40403425,Q148
Q405019,Q183
Q405019,Q884
Q4059035,Q884
Q406909,Q884
Q41117,Q15180
Q41117,Q423
Q41117,Q503585
Q412342,Q884
Q4124884,Q884
Q413143,Q884
Q4132779,Q884
Q41520899,Q15242873
Q41520899,Q423
Q41520899,Q503585
Q41520899,Q705044
Q41520899,Q884
Q41520985,Q15242873
Q41520985,Q423
Q41520985,Q503585
Q41520985,Q705044
Q41520985,Q884
Q4167384,Q884
Q42101185,Q884
Q4218755,Q884
Q4220640,Q423
Q4220654,Q884
Q42418509,Q884
Q4249195,Q884
Q4249879,Q884
Q428490,Q884
Q42887194,Q884
Q4307061,Q884
Q430805,Q884
Q43087486,Q884
Q43087555,Q884
Q43088843,Q884
Q43110888,Q884
Q43111132,Q884
Q433072,Q884
Q4330912,Q423
Q433251,Q884
Q433295,Q423
Q433383,Q884
Q433389,Q884
Q4334520,Q423
Q433472,Q884
Q433648,Q884
Q4342303,Q423
Q435568,Q884
Q435685,Q884
Q435711,Q884
Q437281,Q884
Q43737314,Q28208
Q437568,Q423
Q438625,Q884
Q438732,Q884
Q438777,Q884
Q438789,Q884
Q439435,Q884
Q439596,Q423
Q439722,Q884
Q439776,Q884
Q439812,Q884
Q439819,Q884
Q439860,Q884
Q439953,Q423
Q439964,Q884
Q440772,Q884
Q4423246,Q884
Q44260,Q884
Q443013,Q884
Q443309,Q423
Q443720,Q884
Q44395499,Q17
Q444047,Q423
Q444156,Q884
Q444173,Q884
Q444393,Q884
Q444402,Q884
Q444441,Q423
Q445643,Q884
Q445753,Q423
Q4459305,Q28208
Q4463747,Q15180
Q4463747,Q217
Q4463747,Q884
Q446878,Q884
Q4473743,Q884
Q447651,Q155
Q447651,Q884
Q447861,Q423
Q447898,Q423
Q448133,Q884
Q449047,Q423
Q449147,Q884
Q449397,Q884
Q449425,Q884
Q449590,Q884
Q450171,Q884
Q450195,Q884
Q4502171,Q884
Q4507937,Q884
Q451081,Q30
Q451081,Q884
Q4516989,Q884
Q4518437,Q884
Q452422,Q423
Q4532603,Q884
Q4556301,Q884
Q455734,Q884
Q456182,Q884
Q456408,Q423
Q456414,Q884
Q456584,Q884
Q456609,Q884
Q456828,Q148
Q457000,Q884
Q457582,Q29999
Q457582,Q884
Q45785,Q884
Q458159,Q884
Q458200,Q884
Q45828648,Q884
Q458376,Q884
Q458415,Q884
Q459342,Q884
Q460208,Q884
Q460339,Q884
Q460565,Q884
Q461117,Q884
Q461284,Q148
Q461284,Q884
Q461374,Q884
Q461654,Q884
Q462451,Q884
Q462472,Q884
Q462495,Q423
Q462515,Q423
Q462537,Q884
Q462545,Q884
Q46259,Q18097
Q46316315,Q884
Q463949,Q423
Q464157,Q884
Q464372,Q884
Q464515,Q423
Q464569,Q884
Q464574,Q884
Q464601,Q884
Q464623,Q30
Q464645,Q884
Q464663,Q884
Q465069,Q884
Q465083,Q17
Q465083,Q884
Q465263,Q884
Q465489,Q884
Q465508,Q884
Q465549,Q423
Q46607033,Q884
Q466457,Q423
Q466477,Q884
Q466975,Q884
Q467286,Q884
Q467371,Q30
Q467371,Q884
Q468467,Q884
Q468490,Q884
Q468607,Q884
Q4688112,Q884
Q469387,Q28208
Q469415,Q884
Q469423,Q28208
Q4696249,Q884
Q4699726,Q884
Q470047,Q884
Q47004960,Q884
Q47007034,Q884
Q47090316,Q884
Q471135,Q423
Q4713069,Q30
Q471695,Q884
Q47200996,Q884
Q47207009,Q884
Q47354459,Q884
Q47455266,Q884
Q4749844,Q884
Q4749849,Q884
Q47519921,Q423
Q47667470,Q884
Q47670274,Q423
Q48053717,Q884
Q48159708,Q884
Q482413,Q18097
Q482445,Q884
Q482452,Q423
Q482457,Q423
Q482519,Q884
Q482615,Q884
Q482629,Q884
Q482630,Q884
Q482639,Q884
Q482645,Q423
Q482694,Q884
Q482708,Q884
Q482734,Q884
Q482738,Q884
Q482745,Q884
Q482769,Q884
Q482783,Q884
Q482785,Q884
Q482786,Q884
Q482794,Q884
Q482800,Q884
Q482814,Q884
Q482815,Q884
Q482817,Q884
Q482818,Q423
Q482826,Q884
Q482836,Q884
Q482839,Q884
Q482847,Q884
Q482855,Q884
Q482867,Q884
Q482877,Q884
Q482883,Q884
Q482887,Q884
Q482889,Q884
Q482893,Q884
Q482900,Q28179
Q482901,Q884
Q482910,Q884
Q482915,Q884
Q482916,Q884
Q482917,Q884
Q482922,Q18097
Q482945,Q884
Q482950,Q884
Q482957,Q884
Q482958,Q17
Q482958,Q884
Q482965,Q884
Q482991,Q884
Q483011,Q884
Q483013,Q884
Q483022,Q884
Q483028,Q884
Q483035,Q884
Q483041,Q884
Q483048,Q884
Q483062,Q884
Q483065,Q884
Q483068,Q884
Q483070,Q884
Q483086,Q884
Q483089,Q884
Q483095,Q884
Q483097,Q423
Q483097,Q884
Q483105,Q17
Q483105,Q884
Q483108,Q884
Q483117,Q884
Q483122,Q884
Q483124,Q884
Q483128,Q884
Q483156,Q884
Q483158,Q884
Q483161,Q884
Q483171,Q884
Q483175,Q884
Q483179,Q884
Q483192,Q884
Q483193,Q884
Q483200,Q884
Q483214,Q423
Q483216,Q884
Q483218,Q884
Q483244,Q884
Q483255,Q28179
Q483277,Q884
Q483283,Q884
Q483284,Q884
Q483316,Q884
Q483344,Q884
Q483348,Q884
Q483355,Q884
Q483362,Q18097
Q483362,Q884
Q483363,Q884
Q483368,Q884
Q483381,Q884
Q483429,Q884
Q483446,Q884
Q483450,Q884
Q483467,Q28179
Q483471,Q884
Q483510,Q884
Q483517,Q884
Q483527,Q884
Q483529,Q884
Q483531,Q884
Q483534,Q884
Q483537,Q884
Q483541,Q884
Q483563,Q884
Q483571,Q884
Q483574,Q884
Q483575,Q884
Q483578,Q884
Q483581,Q884
Q483584,Q884
Q483600,Q30
Q483600,Q884
Q483611,Q17
Q483611,Q423
Q483616,Q884
Q483618,Q884
Q483621,Q884
Q483633,Q884
Q483638,Q884
Q483642,Q884
Q483661,Q884
Q483668,Q884
Q483673,Q884
Q483683,Q884
Q483689,Q423
Q483691,Q884
Q483694,Q884
Q483701,Q884
Q483703,Q884
Q483704,Q884
Q483707,Q884
Q483736,Q884
Q483742,Q884
Q483746,Q884
Q483762,Q884
Q483773,Q884
Q483776,Q884
Q483784,Q884
Q483791,Q884
Q483798,Q884
Q483800,Q423
Q483812,Q884
Q483813,Q155
Q483813,Q884
Q483827,Q884
Q483840,Q884
Q483842,Q884
Q483892,Q884
Q483898,Q884
Q483904,Q884
Q483920,Q884
Q483926,Q884
Q483939,Q884
Q483953,Q884
Q483957,Q884
Q483967,Q884
Q483974,Q884
Q483980,Q884
Q483991,Q884
Q483993,Q884
Q484002,Q28233
Q484010,Q884
Q484013,Q884
Q484021,Q884
Q484024,Q884
Q484027,Q884
Q484040,Q884
Q484056,Q884
Q484081,Q884
Q484087,Q884
Q484095,Q884
Q484096,Q884
Q484103,Q298
Q484103,Q884
Q484121,Q884
Q4841248,Q884
Q484134,Q884
Q484138,Q884
Q484147,Q884
Q484155,Q884
Q484157,Q17
Q484157,Q884
Q484165,Q884
Q484185,Q884
Q484187,Q884
Q484193,Q884
Q484197,Q884
Q484202,Q884
Q484209,Q884
Q484216,Q884
Q484286,Q28208
Q484299,Q884
Q484328,Q884
Q484338,Q884
Q484341,Q884
Q484360,Q884
Q484366,Q884
Q484379,Q884
Q484380,Q884
Q484383,Q884
Q484387,Q884
Q484393,Q884
Q484394,Q884
Q484396,Q884
Q484399,Q884
Q484400,Q884
Q484403,Q884
Q484410,Q884
Q484414,Q884
Q484422,Q884
Q484455,Q884
Q484459,Q884
Q484471,Q884
Q484484,Q884
Q484489,Q884
Q484490,Q884
Q484522,Q884
Q484526,Q884
Q484533,Q884
Q484541,Q884
Q484549,Q884
Q484560,Q884
Q484561,Q884
Q484564,Q884
Q484566,Q884
Q484572,Q884
Q484575,Q884
Q484592,Q884
Q484626,Q884
Q484640,Q884
Q484657,Q884
Q484674,Q884
Q484686,Q884
Q484698,Q884
Q484704,Q884
Q484710,Q884
Q484735,Q884
Q484751,Q884
Q484787,Q884
Q484803,Q884
Q484812,Q884
Q484815,Q884
Q484818,Q884
Q484828,Q884
Q484834,Q884
Q484840,Q884
Q484843,Q884
Q484850,Q884
Q484856,Q884
Q484859,Q884
Q484866,Q188712
Q484866,Q28233
Q484866,Q884
Q484886,Q884
Q4848967,Q884
Q484928,Q884
Q484936,Q884
Q484942,Q884
Q484947,Q884
Q484960,Q884
Q484965,Q884
Q484983,Q884
Q484999,Q884
Q485004,Q884
Q485015,Q884
Q485018,Q884
Q485041,Q884
Q485049,Q884
Q485055,Q884
Q485059,Q18097
Q485059,Q884
Q485078,Q884
Q485081,Q884
Q485089,Q884
Q485134,Q884
Q485138,Q884
Q485143,Q884
Q485149,Q884
Q485152,Q884
Q485168,Q884
Q485170,Q884
Q485174,Q884
Q485181,Q884
Q485183,Q884
Q485197,Q884
Q485203,Q884
Q485218,Q423
Q485248,Q884
Q485269,Q884
Q485272,Q884
Q485274,Q884
Q485279,Q884
Q485283,Q884
Q485293,Q884
Q485296,Q155
Q485296,Q884
Q485299,Q884
Q485303,Q884
Q485308,Q884
Q485314,Q884
Q485320,Q155
Q485320,Q884
Q485324,Q884
Q485359,Q884
Q485363,Q884
Q485387,Q884
Q485391,Q884
Q485414,Q884
Q485424,Q423
Q485427,Q884
Q485431,Q884
Q485436,Q884
Q485444,Q884
Q485449,Q884
Q485454,Q884
Q485466,Q884
Q485498,Q884
Q485511,Q884
Q485517,Q884
Q485556,Q28179
Q485560,Q884
Q485574,Q884
Q485578,Q28456
Q485587,Q28208
Q485595,Q884
Q485604,Q884
Q485607,Q884
Q485622,Q423
Q485640,Q884
Q485654,Q884
Q485667,Q884
Q485672,Q884
Q485678,Q884
Q485698,Q884
Q485740,Q884
Q485744,Q884
Q485768,Q884
Q4857706,Q28179
Q485773,Q884
Q485775,Q884
Q485784,Q884
Q485829,Q142
Q485829,Q884
Q485833,Q884
Q485842,Q884
Q485852,Q884
Q485865,Q884
Q485871,Q884
Q485894,Q884
Q485902,Q884
Q485905,Q884
Q485911,Q884
Q485939,Q155
Q485939,Q884
Q485963,Q884
Q485966,Q884
Q485991,Q155
Q485991,Q36
Q485991,Q884
Q486004,Q884
Q486023,Q884
Q486026,Q884
Q486028,Q884
Q486034,Q884
Q486037,Q884
Q486039,Q884
Q486041,Q884
Q486070,Q884
Q486074,Q884
Q486077,Q884
Q486079,Q884
Q486084,Q884
Q486097,Q884
Q486101,Q884
Q486108,Q884
Q486115,Q884
Q486119,Q884
Q486126,Q884
Q486134,Q884
Q486140,Q884
Q486146,Q884
Q486147,Q884
Q486151,Q884
Q486158,Q884
Q486177,Q884
Q486180,Q884
Q486196,Q884
Q486208,Q155
Q486208,Q884
Q486220,Q884
Q486234,Q28208
Q486241,Q884
Q486251,Q28179
Q486273,Q28179
Q486273,Q884
Q486320,Q884
Q486331,Q884
Q486338,Q884
Q486349,Q884
Q486354,Q884
Q486369,Q884
Q486374,Q884
Q486377,Q884
Q486397,Q884
Q486406,Q884
Q486411,Q884
Q486416,Q884
Q486429,Q884
Q486438,Q884
Q48645185,Q884
Q48645186,Q884
Q48645192,Q884
Q48645193,Q884
Q48645194,Q884
Q48645195,Q884
Q48645200,Q884
Q48645201,Q884
Q48645206,Q884
Q48645207,Q884
Q48645209,Q884
Q48645210,Q884
Q486455,Q884
Q486478,Q884
Q486483,Q884
Q486518,Q884
Q486529,Q884
Q486536,Q884
Q486553,Q28208
Q486559,Q884
Q486569,Q884
Q486575,Q884
Q486578,Q884
Q486582,Q884
Q486585,Q884
Q486589,Q884
Q486594,Q884
Q486596,Q884
Q486599,Q884
Q486610,Q884
Q486611,Q884
Q486620,Q884
Q486627,Q884
Q486634,Q884
Q486635,Q884
Q486642,Q739
Q486642,Q884
Q486644,Q884
Q486648,Q884
Q486649,Q884
Q486652,Q884
Q486653,Q155
Q486653,Q884
Q486658,Q884
Q486681,Q884
Q486706,Q884
Q486708,Q884
Q486714,Q884
Q486754,Q884
Q486758,Q884
Q486787,Q884
Q486817,Q884
Q486824,Q884
Q486829,Q155
Q486829,Q884
Q486833,Q884
Q486836,Q884
Q486847,Q884
Q486878,Q884
Q486887,Q225
Q486887,Q884
Q486900,Q884
Q486930,Q884
Q486937,Q884
Q486942,Q884
Q486959,Q884
Q486987,Q884
Q486988,Q884
Q486995,Q884
Q486996,Q884
Q487002,Q884
Q487010,Q884
Q487012,Q884
Q487017,Q884
Q487020,Q884
Q487030,Q884
Q487056,Q884
Q487057,Q884
Q487065,Q884
Q487071,Q884
Q487128,Q884
Q487168,Q884
Q487187,Q884
Q487197,Q884
Q487250,Q884
Q487273,Q423
Q487275,Q188712
Q487275,Q884
Q487285,Q884
Q487289,Q423
Q487293,Q884
Q487298,Q884
Q487301,Q884
Q487302,Q884
Q487306,Q884
Q487311,Q884
Q487317,Q884
Q487318,Q884
Q487323,Q884
Q487329,Q884
Q487339,Q884
Q487340,Q884
Q487391,Q30
Q487391,Q884
Q487399,Q884
Q487406,Q884
Q487446,Q800
Q487446,Q884
Q487462,Q884
Q487466,Q884
Q487469,Q884
Q487477,Q884
Q487484,Q884
Q487528,Q884
Q487546,Q884
Q487550,Q18097
Q487560,Q884
Q487597,Q884
Q487607,Q884
Q487621,Q884
Q487653,Q884
Q487667,Q884
Q487682,Q884
Q487683,Q884
Q487688,Q884
Q487697,Q884
Q487705,Q884
Q487707,Q884
Q487728,Q884
Q487751,Q884
Q487781,Q884
Q487820,Q884
Q487831,Q884
Q487842,Q884
Q487867,Q884
Q487876,Q884
Q487885,Q884
Q487891,Q884
Q487897,Q884
Q487901,Q155
Q487901,Q884
Q487903,Q884
Q487915,Q884
Q487922,Q884
Q487938,Q884
Q487944,Q884
Q487962,Q884
Q487970,Q884
Q487979,Q884
Q487992,Q884
Q488015,Q884
Q488019,Q884
Q488025,Q884
Q488031,Q884
Q488038,Q884
Q488047,Q884
Q488057,Q884
Q488084,Q884
Q488090,Q884
Q488093,Q884
Q488106,Q884
Q488149,Q224
Q488149,Q884
Q488197,Q884
Q488254,Q884
Q488294,Q884
Q488304,Q423
Q488312,Q884
Q488339,Q884
Q488344,Q884
Q488400,Q884
Q488423,Q884
Q488425,Q884
Q488429,Q884
Q488446,Q884
Q488451,Q155
Q488451,Q884
Q488460,Q155
Q488460,Q884
Q488500,Q28208
Q488504,Q884
Q488508,Q155
Q488508,Q884
Q488544,Q884
Q488561,Q423
Q488587,Q884
Q488593,Q884
Q488600,Q884
Q488631,Q884
Q4886557,Q884
Q4886630,Q884
Q488666,Q28208
Q488670,Q28179
Q488676,Q884
Q4886783,Q884
Q4886819,Q884
Q4886857,Q884
Q488689,Q884
Q4886893,Q884
Q4886935,Q884
Q488697,Q28208
Q488700,Q28179
Q488706,Q142
Q488706,Q403
Q488706,Q884
Q488717,Q884
Q488725,Q884
Q488742,Q884
Q488817,Q884
Q488822,Q884
Q488828,Q884
Q488838,Q884
Q488839,Q884
Q488864,Q884
Q488866,Q884
Q488873,Q884
Q488894,Q884
Q488900,Q884
Q488901,Q884
Q488908,Q884
Q488911,Q155
Q488911,Q884
Q488919,Q884
Q488923,Q884
Q488939,Q884
Q488958,Q884
Q488971,Q155
Q488971,Q884
Q489001,Q884
Q489006,Q884
Q489010,Q884
Q489016,Q884
Q489024,Q884
Q489028,Q884
Q489036,Q884
Q489041,Q884
Q489046,Q884
Q489067,Q884
Q489068,Q884
Q489073,Q884
Q489078,Q884
Q489081,Q884
Q489091,Q884
Q489095,Q884
Q489103,Q30
Q489103,Q884
Q489108,Q884
Q489173,Q884
Q489204,Q884
Q489210,Q884
Q489232,Q884
Q489246,Q884
Q489257,Q884
Q489271,Q884
Q489279,Q503585
Q489286,Q30
Q489286,Q884
Q489290,Q884
Q489302,Q884
Q489305,Q884
Q489323,Q884
Q489326,Q884
Q489346,Q884
Q489350,Q884
Q489361,Q884
Q489368,Q884
Q489419,Q30
Q489419,Q884
Q489421,Q884
Q489432,Q884
Q489436,Q423
Q489445,Q884
Q489462,Q884
Q489466,Q884
Q489475,Q884
Q489485,Q884
Q489505,Q884
Q489517,Q884
Q489527,Q884
Q489560,Q884
Q489570,Q884
Q489575,Q884
Q489585,Q884
Q489590,Q884
Q489594,Q884
Q489604,Q884
Q489630,Q884
Q489640,Q884
Q489667,Q30
Q489667,Q884
Q489681,Q884
Q489701,Q884
Q489706,Q884
Q489712,Q884
Q489720,Q884
Q489727,Q884
Q489737,Q884
Q489748,Q884
Q489754,Q884
Q489769,Q884
Q489782,Q884
Q489792,Q884
Q489797,Q884
Q489805,Q884
Q4898176,Q884
Q489828,Q884
Q489838,Q884
Q489840,Q884
Q489854,Q884
Q489867,Q884
Q489871,Q884
Q489874,Q884
Q489875,Q884
Q489878,Q884
Q489884,Q884
Q489888,Q884
Q489892,Q884
Q489896,Q884
Q489900,Q884
Q489930,Q884
Q489934,Q884
Q489938,Q884
Q489949,Q884
Q489950,Q884
Q489952,Q884
Q489960,Q884
Q489966,Q155
Q489966,Q884
Q489976,Q884
Q490001,Q28179
Q490001,Q28233
Q490006,Q884
Q490015,Q884
Q490030,Q884
Q490056,Q884
Q490062,Q884
Q490067,Q884
Q490079,Q884
Q490084,Q884
Q490091,Q884
Q490092,Q884
Q490097,Q884
Q490101,Q884
Q490103,Q884
Q490113,Q884
Q490114,Q884
Q490120,Q884
Q490125,Q884
Q490127,Q884
Q490130,Q884
Q490141,Q884
Q490146,Q884
Q490153,Q884
Q490170,Q884
Q490192,Q884
Q4902026,Q884
Q490207,Q884
Q490217,Q884
Q490314,Q884
Q490317,Q884
Q490321,Q884
Q490324,Q884
Q490333,Q15180
Q490333,Q159
Q490333,Q884
Q490336,Q884
Q490340,Q884
Q490343,Q884
Q490359,Q884
Q490365,Q884
Q490380,Q884
Q490389,Q884
Q490391,Q28208
Q490397,Q884
Q490402,Q884
Q490406,Q884
Q490410,Q884
Q490415,Q884
Q490425,Q884
Q490429,Q884
Q490438,Q884
Q490452,Q884
Q490635,Q884
Q490657,Q884
Q490693,Q884
Q490702,Q884
Q490711,Q884
Q490719,Q884
Q490736,Q423
Q490752,Q884
Q490765,Q884
Q490772,Q884
Q490803,Q884
Q490818,Q884
Q490822,Q423
Q490894,Q884
Q490905,Q884
Q490911,Q884
Q490918,Q884
Q490938,Q884
Q490984,Q884
Q491013,Q884
Q491022,Q884
Q491048,Q884
Q491071,Q884
Q491074,Q884
Q491079,Q7313
Q491095,Q884
Q491109,Q884
Q491139,Q884
Q491143,Q884
Q491151,Q884
Q491154,Q884
Q491175,Q884
Q491205,Q884
Q491249,Q884
Q491278,Q884
Q491318,Q884
Q491323,Q884
Q491329,Q884
Q491333,Q884
Q491349,Q884
Q491360,Q884
Q491363,Q884
Q491364,Q884
Q491371,Q884
Q491387,Q884
Q491392,Q884
Q491397,Q884
Q491419,Q884
Q491482,Q884
Q491555,Q884
Q491580,Q884
Q49161810,Q884
Q491750,Q884
Q491763,Q884
Q491807,Q884
Q491838,Q884
Q491847,Q884
Q492243,Q884
Q492278,Q884
Q49249155,Q884
Q49249184,Q884
Q49249269,Q884
Q49249282,Q884
Q49249293,Q884
Q49249320,Q884
Q49249427,Q884
Q49249441,Q884
Q49249466,Q884
Q49249480,Q884
Q49249506,Q884
Q4924955,Q28208
Q49249833,Q884
Q492515,Q884
Q49252186,Q884
Q49252231,Q884
Q49252273,Q884
Q49252286,Q884
Q49252300,Q884
Q49252313,Q884
Q49252329,Q884
Q49252368,Q884
Q49252423,Q884
Q49252437,Q884
Q49252452,Q884
Q49252464,Q884
Q49252494,Q884
Q49252509,Q884
Q49252536,Q884
Q49252576,Q884
Q49252590,Q884
Q49252605,Q884
Q49252667,Q884
Q49252698,Q884
Q49252712,Q884
Q49252726,Q884
Q49252754,Q884
Q49252768,Q884
Q49252781,Q884
Q49252796,Q884
Q49252812,Q884
Q49252826,Q884
Q49252838,Q884
Q49252852,Q884
Q49252866,Q884
Q49252882,Q884
Q49252896,Q884
Q49252975,Q884
Q49253054,Q423
Q49253136,Q884
Q49253163,Q884
Q49253175,Q884
Q49253230,Q884
Q49253263,Q884
Q49253356,Q884
Q49253369,Q884
Q49253384,Q884
Q492582,Q884
Q492756,Q884
Q492802,Q884
Q492895,Q15180
Q492895,Q423
Q492919,Q884
Q492925,Q884
Q492970,Q884
Q492997,Q884
Q493021,Q884
Q493026,Q884
Q493041,Q884
Q493090,Q884
Q493100,Q884
Q493106,Q884
Q493111,Q884
Q493135,Q423
Q493184,Q884
Q493188,Q884
Q493192,Q884
Q493199,Q423
Q493242,Q884
Q493245,Q884
Q493249,Q884
Q493254,Q884
Q493257,Q884
Q493278,Q884
Q493288,Q884
Q493300,Q884
Q4933167,Q503585
Q4933167,Q884
Q493322,Q884
Q493336,Q884
Q493342,Q884
Q493356,Q884
Q493365,Q884
Q493385,Q884
Q493431,Q884
Q493438,Q884
Q4934381,Q884
Q493442,Q423
Q493442,Q884
Q493445,Q884
Q493455,Q884
Q493462,Q884
Q493476,Q884
Q493501,Q884
Q4935074,Q884
Q4935136,Q884
Q493514,Q884
Q493519,Q884
Q493524,Q884
Q493526,Q884
Q4935400,Q188712
Q4935400,Q884
Q493564,Q884
Q493566,Q884
Q493568,Q884
Q493577,Q884
Q4935832,Q884
Q493590,Q884
Q493597,Q884
Q493602,Q884
Q4936066,Q17
Q4936066,Q884
Q493617,Q884
Q493619,Q884
Q493632,Q884
Q493638,Q884
Q493642,Q884
Q493645,Q884
Q493659,Q28208
Q493671,Q884
Q493676,Q884
Q493683,Q884
Q493691,Q884
Q493692,Q28208
Q493696,Q884
Q493731,Q884
Q493737,Q884
Q493753,Q884
Q493786,Q884
Q493813,Q884
Q493842,Q884
Q493857,Q884
Q493864,Q884
Q493875,Q884
Q493884,Q884
Q493891,Q884
Q493893,Q28208
Q493896,Q884
Q493899,Q884
Q493901,Q884
Q493916,Q884
Q493930,Q28208
Q493931,Q884
Q493946,Q28208
Q493966,Q884
Q493975,Q884
Q493995,Q423
Q493995,Q884
Q494036,Q884
Q494061,Q423
Q494097,Q884
Q494106,Q884
Q494108,Q884
Q494116,Q884
Q494123,Q884
Q494140,Q884
Q494144,Q884
Q494149,Q884
Q494154,Q884
Q494184,Q884
Q494190,Q884
Q494209,Q884
Q494222,Q884
Q494239,Q884
Q494258,Q884
Q494266,Q884
Q494286,Q884
Q494290,Q884
Q494310,Q884
Q494317,Q884
Q494325,Q884
Q494333,Q884
Q494337,Q884
Q494342,Q884
Q494344,Q884
Q494346,Q884
Q494351,Q884
Q494352,Q884
Q494412,Q884
Q494431,Q884
Q494507,Q423
Q494507,Q884
Q494513,Q884
Q494539,Q884
Q494573,Q884
Q494597,Q423
Q494605,Q884
Q494654,Q884
Q494662,Q884
Q494692,Q884
Q494714,Q884
Q494725,Q884
Q494729,Q884
Q494734,Q884
Q494783,Q29
Q494783,Q884
Q494787,Q884
Q494800,Q423
Q494816,Q884
Q494851,Q884
Q494856,Q884
Q494880,Q884
Q494944,Q884
Q494981,Q221
Q494981,Q884
Q494987,Q884
Q494996,Q884
Q495000,Q884
Q495002,Q884
Q495009,Q884
Q495020,Q884
Q495038,Q884
Q495065,Q155
Q495065,Q884
Q495069,Q884
Q495082,Q155
Q495082,Q884
Q495099,Q884
Q495121,Q155
Q495121,Q884
Q495136,Q155
Q495136,Q884
Q495197,Q884
Q495207,Q884
Q495211,Q884
Q495221,Q884
Q495272,Q884
Q495313,Q155
Q495313,Q884
Q495316,Q155
Q495316,Q884
Q495329,Q155
Q495329,Q884
Q495352,Q884
Q495407,Q884
Q495413,Q884
Q495426,Q43
Q495426,Q884
Q495463,Q884
Q495471,Q884
Q495477,Q884
Q495480,Q423
Q495505,Q423
Q495510,Q884
Q495512,Q884
Q495525,Q884
Q495532,Q884
Q495571,Q884
Q495573,Q884
Q495577,Q884
Q495636,Q28208
Q495659,Q884
Q495664,Q884
Q495668,Q30
Q495668,Q884
Q495673,Q884
Q495683,Q155
Q495683,Q884
Q495692,Q155
Q495692,Q884
Q495722,Q884
Q495746,Q1033
Q495746,Q142
Q495746,Q884
Q495748,Q884
Q495784,Q408
Q495784,Q884
Q495792,Q423
Q495831,Q884
Q495841,Q155
Q495841,Q884
Q495853,Q884
Q495853,Q974
Q495855,Q884
Q495859,Q884
Q495870,Q884
Q495875,Q884
Q495879,Q884
Q495886,Q884
Q495890,Q884
Q495897,Q884
Q495913,Q884
Q495920,Q224
Q495920,Q884
Q495948,Q884
Q495964,Q28208
Q495980,Q884
Q496004,Q423
Q496008,Q884
Q496018,Q884
Q496041,Q884
Q496051,Q884
Q496092,Q884
Q496110,Q884
Q496123,Q884
Q496138,Q884
Q496170,Q884
Q496205,Q484370
Q496205,Q503585
Q496210,Q884
Q496229,Q884
Q496233,Q159
Q496233,Q884
Q496237,Q30
Q496245,Q884
Q496252,Q423
Q496306,Q15180
Q496306,Q159
Q496306,Q884
Q496310,Q884
Q496314,Q884
Q496318,Q884
Q496324,Q884
Q496329,Q884
Q496344,Q884
Q496356,Q884
Q496362,Q884
Q496370,Q884
Q496384,Q884
Q496386,Q884
Q496398,Q884
Q496413,Q884
Q496421,Q17
Q496429,Q884
Q496433,Q884
Q496439,Q884
Q496444,Q884
Q496464,Q884
Q496466,Q884
Q496491,Q884
Q496501,Q884
Q496509,Q884
Q496518,Q884
Q496546,Q884
Q496572,Q884
Q496580,Q884
Q496594,Q884
Q496599,Q423
Q496615,Q884
Q496627,Q884
Q496634,Q18097
Q496660,Q884
Q496679,Q884
Q496704,Q884
Q4967613,Q423
Q496799,Q28208
Q4968085,Q28179
Q496814,Q884
Q4968217,Q884
Q496842,Q884
Q496846,Q884
Q496848,Q884
Q496858,Q884
Q496868,Q884
Q496875,Q884
Q496876,Q884
Q496916,Q884
Q496918,Q884
Q496948,Q28208
Q496994,Q884
Q497015,Q884
Q497083,Q28208
Q497120,Q28208
Q497141,Q188712
Q497141,Q30
Q497141,Q423
Q497141,Q884
Q497151,Q884
Q497174,Q884
Q4971884,Q884
Q497214,Q884
Q497215,Q884
Q497239,Q884
Q497269,Q884
Q497270,Q884
Q497277,Q884
Q497279,Q884
Q497283,Q884
Q497286,Q884
Q497301,Q884
Q497310,Q884
Q497319,Q884
Q497337,Q884
Q497389,Q884
Q497392,Q28208
Q497404,Q884
Q497413,Q28208
Q497446,Q884
Q497455,Q145
Q497455,Q408
Q497455,Q884
Q497467,Q884
Q497473,Q28208
Q497477,Q884
Q497507,Q28208
Q497519,Q884
Q497531,Q884
Q497537,Q884
Q497547,Q884
Q497555,Q884
Q497606,Q884
Q497613,Q884
Q497690,Q884
Q497693,Q884
Q497785,Q884
Q498050,Q884
Q498053,Q884
Q498243,Q884
Q498285,Q884
Q498343,Q884
Q498489,Q884
Q498713,Q28179
Q498905,Q884
Q4991750,Q884
Q4991757,Q28179
Q4991767,Q503585
Q4991776,Q884
Q4991786,Q503585
Q4991790,Q423
Q4991802,Q17
Q4991802,Q884
Q4991838,Q884
Q4991844,Q423
Q4991850,Q423
Q4991863,Q423
Q4991863,Q884
Q49967735,Q884
Q5045600,Q884
Q50603,Q884
Q50641143,Q17
Q5071609,Q884
Q5071636,Q884
Q5071680,Q884
Q5071686,Q884
Q50973131,Q884
Q51024,Q503585
Q51029,Q17
Q51029,Q188712
Q51029,Q28233
Q51029,Q884
Q5103329,Q884
Q5103342,Q884
Q5103799,Q28208
Q5103802,Q28208
Q5103864,Q884
Q5103876,Q884
Q5103886,Q884
Q5103902,Q884
Q5103936,Q884
Q5103939,Q884
Q5103998,Q884
Q5104477,Q884
Q5107562,Q884
Q5115173,Q884
Q5116286,Q884
Q5116355,Q884
Q51296,Q884
Q513352,Q423
Q516158,Q423
Q517090,Q884
Q51954789,Q30
Q5223426,Q884
Q5286104,Q884
Q5312696,Q884
Q5354467,Q423
Q5355441,Q423
Q5360259,Q30
Q5361039,Q423
Q5361608,Q884
Q5366258,Q423
Q5366953,Q423
Q5370114,Q884
Q5371602,Q423
Q54348,Q884
Q54868073,Q18097
Q54868073,Q423
Q54981984,Q884
Q5557767,Q884
Q55616008,Q423
Q55726948,Q884
Q55726949,Q884
Q55726992,Q884
Q55727138,Q884
Q55727779,Q884
Q55727928,Q884
Q55727984,Q884
Q55728006,Q884
Q55728082,Q884
Q55728093,Q884
Q55728098,Q884
Q55728160,Q884
Q55728164,Q884
Q55728172,Q884
Q55728195,Q884
Q55728203,Q884
Q55728216,Q884
Q55728219,Q884
Q55728235,Q884
Q55728245,Q503585
Q55728245,Q884
Q55728257,Q884
Q55728281,Q884
Q55728296,Q884
Q55728317,Q884
Q55728319,Q884
Q55728343,Q884
Q55728441,Q884
Q55728442,Q884
Q55728513,Q884
Q55728515,Q884
Q55728630,Q884
Q55728779,Q884
Q55728795,Q884
Q55729783,Q884
Q55729794,Q884
Q55729802,Q884
Q55729808,Q884
Q55729903,Q884
Q55729910,Q884
Q55730058,Q884
Q55730105,Q884
Q55730160,Q884
Q55730170,Q884
Q55730925,Q884
Q55730997,Q423
Q55731388,Q884
Q55731399,Q884
Q55731439,Q884
Q55731742,Q884
Q55732184,Q884
Q55732244,Q884
Q55732556,Q884
Q55732784,Q884
Q55732911,Q884
Q55732916,Q884
Q55732933,Q884
Q55733165,Q884
Q55733169,Q884
Q55733200,Q884
Q55733216,Q884
Q55733262,Q884
Q55733312,Q423
Q55733314,Q884
Q55733398,Q884
Q55733401,Q884
Q55733435,Q884
Q55733438,Q884
Q55733441,Q884
Q55733525,Q884
Q55733588,Q884
Q55733665,Q884
Q55733675,Q884
Q55733700,Q884
Q55733727,Q884
Q55733728,Q884
Q55733835,Q884
Q55733966,Q884
Q55733990,Q423
Q55734022,Q884
Q55734041,Q884
Q55734052,Q884
Q55734152,Q884
Q55734185,Q423
Q55734186,Q884
Q55734322,Q884
Q55734412,Q884
Q55734717,Q884
Q55735006,Q884
Q55735639,Q884
Q55735777,Q884
Q55735787,Q884
Q55735788,Q884
Q55735806,Q884
Q55735868,Q884
Q55736005,Q28179
Q55736005,Q28208
Q55736063,Q884
Q55736082,Q884
Q55736085,Q884
Q55736086,Q884
Q55736105,Q884
Q55736106,Q884
Q55736232,Q884
Q55736719,Q884
Q55737687,Q884
Q55737700,Q884
Q55737703,Q884
Q5574841,Q884
Q55930532,Q18097
Q55930927,Q18097
Q55932023,Q18097
Q55933017,Q18097
Q55933035,Q18097
Q562189,Q884
Q56226,Q423
Q56236767,Q884
Q5623714,Q884
Q562516,Q28233
Q562516,Q884
Q56256518,Q884
Q562683,Q884
Q562837,Q884
Q5636423,Q884
Q56432609,Q884
Q56432838,Q884
Q56432855,Q884
Q56433189,Q884
Q56433211,Q884
Q56433228,Q884
Q56433230,Q884
Q56433373,Q884
Q56433792,Q884
Q56434241,Q884
Q56434316,Q884
Q56434331,Q884
Q56434339,Q884
Q56434585,Q884
Q56434653,Q884
Q56434662,Q884
Q56434882,Q884
Q56434915,Q884
Q56434940,Q884
Q56434961,Q884
Q56434988,Q884
Q56435674,Q884
Q56435719,Q884
Q56435849,Q884
Q56435874,Q884
Q56435884,Q884
Q56435896,Q884
Q56441288,Q884
Q56441583,Q884
Q56441616,Q884
Q5646570,Q884
Q5646573,Q884
Q5646598,Q884
Q5646626,Q884
Q5646635,Q884
Q5646649,Q884
Q5648797,Q30
Q56516033,Q884
Q56516034,Q884
Q56526044,Q884
Q56526069,Q884
Q56526124,Q884
Q56526162,Q884
Q56526265,Q884
Q56599151,Q218
Q56651387,Q884
Q56651392,Q884
Q56651402,Q884
Q56651406,Q884
Q56651409,Q884
Q56651414,Q884
Q56651426,Q884
Q56651436,Q884
Q56651440,Q884
Q56651443,Q884
Q56651459,Q884
Q56651460,Q884
Q56651465,Q884
Q56651484,Q884
Q56651501,Q28179
Q56651529,Q884
Q56651533,Q884
Q56651569,Q884
Q56651577,Q884
Q56651591,Q884
Q56651602,Q28179
Q56651606,Q884
Q56651613,Q884
Q56651616,Q884
Q56651618,Q884
Q56651624,Q884
Q56654997,Q884
Q56655008,Q884
Q56655692,Q884
Q56655703,Q884
Q56691163,Q884
Q56697751,Q884
Q56697773,Q884
Q56697812,Q884
Q56697977,Q884
Q56698231,Q884
Q56698261,Q884
Q56698591,Q884
Q56701923,Q884
Q56701926,Q884
Q56701967,Q884
Q56701970,Q884
Q56701982,Q884
Q56702004,Q884
Q56702008,Q884
Q56702017,Q884
Q56702025,Q884
Q56739607,Q18097
Q56742600,Q18097
Q56803750,Q884
Q56803806,Q884
Q56803821,Q884
Q56803895,Q884
Q56803925,Q884
Q56803991,Q884
Q56804102,Q884
Q56804206,Q884
Q56804266,Q884
Q56804332,Q884
Q56804500,Q28179
Q56804500,Q884
Q56804591,Q884
Q56804639,Q884
Q56804650,Q884
Q56804661,Q884
Q56804679,Q28179
Q56804679,Q884
Q56804778,Q884
Q56804986,Q884
Q56805103,Q884
Q56805128,Q884
Q56805325,Q884
Q56805362,Q884
Q56805419,Q884
Q56805535,Q884
Q56805596,Q884
Q56805765,Q884
Q56805801,Q884
Q56805915,Q884
Q56805962,Q884
Q56806003,Q884
Q56812282,Q884
Q56812296,Q884
Q56812299,Q884
Q56812321,Q884
Q56812340,Q884
Q56812348,Q884
Q56812368,Q884
Q56812371,Q884
Q56812378,Q884
Q56812387,Q884
Q56812390,Q884
Q56812396,Q884
Q56812411,Q884
Q56812420,Q884
Q56812422,Q884
Q56812546,Q884
Q56812605,Q884
Q56812740,Q884
Q56812818,Q884
Q56812948,Q884
Q56813013,Q884
Q56813047,Q884
Q56813111,Q884
Q56813153,Q884
Q56813237,Q884
Q56813602,Q884
Q56813718,Q884
Q56813876,Q884
Q56815966,Q28179
Q56818408,Q423
Q56825320,Q884
Q56825321,Q884
Q56825326,Q884
Q56827418,Q28179
Q56827444,Q884
Q56827483,Q884
Q56827501,Q884
Q56827588,Q884
Q56827778,Q884
Q56830924,Q884
Q56830932,Q884
Q56831965,Q884
Q56832144,Q884
Q56832175,Q884
Q56832490,Q884
Q56832633,Q884
Q56832838,Q884
Q56833272,Q884
Q56833518,Q884
Q56833651,Q884
Q56839624,Q884
Q56839651,Q884
Q56839654,Q884
Q56839658,Q884
Q56839676,Q884
Q56839723,Q884
Q56839751,Q884
Q56839801,Q884
Q56839869,Q884
Q56884240,Q503585
Q56884240,Q884
Q56884247,Q884
Q56884250,Q503585
Q56884250,Q884
Q56884259,Q884
Q57019606,Q884
Q57020182,Q884
Q57020545,Q884
Q57023836,Q884
Q57024936,Q884
Q57025666,Q884
Q57027438,Q884
Q57156908,Q884
Q57167441,Q28179
Q57263361,Q28179
Q57263501,Q503585
Q57263543,Q884
Q57263585,Q884
Q57263759,Q884
Q57265988,Q884
Q57266024,Q884
Q57266067,Q884
Q57266144,Q884
Q57266167,Q884
Q57266190,Q884
Q57266300,Q884
Q57267525,Q884
Q57267582,Q884
Q57267805,Q884
Q57267861,Q884
Q57267924,Q884
Q57268048,Q884
Q57268120,Q884
Q57268181,Q884
Q57312654,Q28233
Q57312654,Q503585
Q57312654,Q884
Q57312662,Q884
Q57312677,Q884
Q5731547,Q884
Q5731560,Q884
Q578141,Q884
Q58476446,Q884
Q58862215,Q884
Q58900826,Q884
Q5894111,Q884
Q5895672,Q884
Q5909158,Q884
Q59201412,Q884
Q59299044,Q884
Q5933395,Q884
Q59382180,Q884
Q5953193,Q423
Q59594563,Q884
Q5959724,Q884
Q5962515,Q884
Q59678551,Q884
Q5968909,Q423
Q5995256,Q884
Q6001831,Q884
Q60367664,Q884
Q60500537,Q159
Q60608380,Q884
Q60613839,Q423
Q60693885,Q884
Q60694225,Q884
Q60694227,Q884
Q60694228,Q884
Q60694258,Q884
Q60694262,Q884
Q60694287,Q884
Q60694288,Q884
Q60694290,Q884
Q60694292,Q884
Q60694323,Q884
Q60694324,Q884
Q60694325,Q884
Q60694327,Q884
Q60694372,Q884
Q60694373,Q884
Q60694374,Q884
Q60694377,Q884
Q60694378,Q884
Q60694410,Q884
Q60694415,Q884
Q60694438,Q884
Q60694439,Q884
Q60694445,Q884
Q60694446,Q884
Q60694448,Q884
Q60694468,Q884
Q60694469,Q884
Q60728502,Q884
Q60829936,Q884
Q61090820,Q884
Q61094435,Q884
Q61094437,Q884
Q61096792,Q884
Q61096857,Q884
Q61096953,Q884
Q61097613,Q884
Q61097622,Q884
Q61097663,Q884
Q61097936,Q884
Q61098115,Q884
Q61098121,Q884
Q61098145,Q884
Q61098150,Q884
Q61098174,Q884
Q61098297,Q884
Q61099289,Q884
Q61099316,Q884
Q61099922,Q884
Q61099957,Q884
Q61099958,Q884
Q61100175,Q884
Q61100261,Q884
Q61100391,Q884
Q61100405,Q884
Q61100493,Q884
Q61100567,Q884
Q61100943,Q884
Q61100947,Q884
Q61101081,Q884
Q61101096,Q884
Q61360308,Q884
Q61360798,Q884
Q61361543,Q884
Q61492064,Q18097
Q61506754,Q884
Q6153255,Q16
Q6153873,Q884
Q6153875,Q884
Q6153892,Q884
Q6153935,Q884
Q61716898,Q884
Q6180265,Q28208
Q61827783,Q884
Q61959822,Q884
Q61966127,Q884
Q62018095,Q884
Q6204338,Q884
Q6204475,Q884
Q62085203,Q423
Q62085203,Q503585
Q623475,Q884
Q623495,Q884
Q623514,Q423
Q623514,Q884
Q623521,Q884
Q623552,Q884
Q623616,Q884
Q623627,Q884
Q623646,Q884
Q623681,Q884
Q623803,Q884
Q623856,Q884
Q623858,Q423
Q623927,Q884
Q62396988,Q884
Q623974,Q884
Q624051,Q884
Q624109,Q884
Q624130,Q28208
Q624135,Q884
Q624152,Q423
Q624152,Q884
Q624195,Q884
Q624211,Q884
Q624215,Q884
Q624253,Q884
Q624277,Q884
Q624279,Q884
Q624322,Q884
Q624334,Q28233
Q624334,Q884
Q624351,Q884
Q624392,Q423
Q624401,Q884
Q624447,Q884
Q624453,Q884
Q624491,Q423
Q624515,Q884
Q624523,Q884
Q624531,Q884
Q624651,Q884
Q624665,Q884
Q624726,Q884
Q624781,Q884
Q624924,Q884
Q624943,Q884
Q625046,Q884
Q625087,Q884
Q625089,Q13426199
Q625089,Q18097
Q625096,Q884
Q625144,Q884
Q625230,Q884
Q625257,Q884
Q625291,Q884
Q625336,Q423
Q625389,Q884
Q625445,Q884
Q625489,Q884
Q625508,Q884
Q625517,Q884
Q625534,Q884
Q625555,Q884
Q625567,Q28208
Q625567,Q699871
Q625609,Q884
Q625630,Q188712
Q625630,Q884
Q625650,Q884
Q625715,Q28208
Q625766,Q884
Q625786,Q884
Q625788,Q884
Q625815,Q423
Q625821,Q884
Q625834,Q884
Q625849,Q884
Q625870,Q884
Q625938,Q884
Q626007,Q884
Q626061,Q884
Q626065,Q884
Q626073,Q884
Q626074,Q884
Q626113,Q884
Q626163,Q884
Q626202,Q188712
Q626202,Q884
Q626255,Q884
Q626273,Q884
Q626297,Q884
Q626322,Q884
Q626438,Q884
Q626456,Q884
Q626461,Q28179
Q626461,Q28208
Q626466,Q28208
Q626491,Q30
Q626494,Q28179
Q626494,Q884
Q626523,Q423
Q626601,Q884
Q626615,Q884
Q626667,Q884
Q626704,Q884
Q626718,Q884
Q626739,Q884
Q626794,Q884
Q6267954,Q30
Q6267954,Q884
Q626819,Q884
Q626839,Q884
Q626991,Q884
Q6275473,Q884
Q6296708,Q884
Q63017331,Q884
Q6312562,Q884
Q6312637,Q884
Q6312653,Q884
Q6312662,Q884
Q6312673,Q884
Q6354146,Q884
Q6362145,Q884
Q6362185,Q884
Q6362187,Q884
Q6362253,Q884
Q6362264,Q884
Q6362320,Q884
Q6372726,Q884
Q63943139,Q884
Q63964711,Q884
Q63997686,Q884
Q6408350,Q884
Q6408371,Q884
Q6408412,Q884
Q6408442,Q884
Q6408445,Q884
Q6408453,Q884
Q6408466,Q884
Q6408470,Q423
Q6408475,Q884
Q6408521,Q884
Q6408543,Q884
Q6408665,Q884
Q6408667,Q884
Q6408699,Q884
Q6408770,Q884
Q6408798,Q884
Q6408801,Q884
Q6408844,Q884
Q6408864,Q884
Q6408879,Q884
Q6408910,Q884
Q6408958,Q884
Q6408981,Q884
Q6409025,Q884
Q6409055,Q884
Q6409256,Q423
Q6409331,Q884
Q6409364,Q884
Q6409431,Q884
Q6409518,Q884
Q6409638,Q884
Q6409641,Q884
Q6409644,Q884
Q6409645,Q884
Q6409680,Q884
Q6409686,Q884
Q6409687,Q884
Q6420543,Q884
Q6424117,Q884
Q6425991,Q884
Q6430820,Q884
Q6440949,Q884
Q6450322,Q884
Q65030840,Q884
Q65032018,Q423
Q65041417,Q884
Q65041432,Q884
Q65041437,Q884
Q65041445,Q884
Q65041447,Q884
Q65041449,Q31
Q65041449,Q884
Q65041454,Q884
Q65041456,Q884
Q65041461,Q884
Q65041463,Q884
Q65041464,Q884
Q65041479,Q884
Q65041480,Q884
Q65041488,Q884
Q6513165,Q884
Q6513549,Q884
Q6513568,Q884
Q6513744,Q884
Q6514228,Q884
Q6514303,Q884
Q6514381,Q18097
Q6514640,Q884
Q6515011,Q884
Q6515185,Q884
Q6515478,Q884
Q65234283,Q884
Q65234400,Q884
Q65235375,Q884
Q65235382,Q884
Q65236253,Q884
Q65238534,Q884
Q65238670,Q884
Q65238814,Q884
Q65238835,Q884
Q65239015,Q884
Q65239424,Q884
Q65239438,Q884
Q65249483,Q884
Q65249544,Q884
Q65249558,Q884
Q65249580,Q884
Q65250297,Q884
Q65250304,Q884
Q65250324,Q884
Q65264572,Q884
Q65269266,Q884
Q65269472,Q884
Q65271183,Q423
Q65271566,Q423
Q65272730,Q884
Q65273657,Q884
Q65281553,Q884
Q65281803,Q884
Q65291611,Q884
Q65292693,Q884
Q65296762,Q423
Q65296920,Q423
Q65296920,Q884
Q65310625,Q884
Q65332256,Q884
Q6612076,Q884
Q6612985,Q884
Q6617014,Q884
Q6617244,Q884
Q66362758,Q884
Q6652976,Q884
Q6668980,Q884
Q6673667,Q28179
Q6679200,Q884
Q6679696,Q884
Q6681300,Q884
Q6682161,Q884
Q6685856,Q884
Q6689097,Q423
Q6694102,Q884
Q6703876,Q884
Q6711063,Q884
Q6711159,Q884
Q6732223,Q28208
Q6743293,Q28208
Q6745643,Q17
Q6747187,Q884
Q6747264,Q884
Q6774614,Q884
Q6774690,Q884
Q6776261,Q884
Q6776339,Q28208
Q6776454,Q884
Q6781249,Q884
Q6781730,Q884
Q6781815,Q884
Q6781992,Q884
Q6782909,Q423
Q6783126,Q884
Q6783299,Q884
Q6783577,Q884
Q6783976,Q423
Q6784089,Q884
Q6784157,Q28179
Q6784157,Q503585
Q6784197,Q884
Q6791544,Q884
Q6793561,Q884
Q6793594,Q28208
Q6793625,Q28208
Q6796230,Q884
Q6803881,Q884
Q6811459,Q884
Q6811500,Q28208
Q6811775,Q884
Q68123169,Q884
Q6820624,Q884
Q6820869,Q884
Q6822380,Q884
Q6824264,Q884
Q6824297,Q423
Q6842476,Q884
Q6842909,Q884
Q6849504,Q884
Q6849693,Q884
Q6853641,Q884
Q6853912,Q28179
Q6853912,Q28208
Q6854817,Q884
Q6862536,Q884
Q6907503,Q884
Q6930436,Q28208
Q6949307,Q884
Q695089,Q884
Q6956378,Q884
Q6956410,Q884
Q6956451,Q884
Q6958033,Q252
Q6958033,Q408
Q6961078,Q884
Q6961093,Q884
Q6961101,Q884
Q6961147,Q884
Q69696786,Q884
Q69697003,Q884
Q69697020,Q884
Q69697161,Q884
Q69697224,Q884
Q698363,Q423
Q699503,Q28208
Q699513,Q28208
Q702412,Q423
Q702565,Q423
Q704280,Q28208
Q704283,Q28208
Q704568,Q28208
Q704894,Q28208
Q705212,Q423
Q705218,Q423
Q705559,Q423
Q705608,Q423
Q706155,Q28208
Q706460,Q28208
Q7073386,Q884
Q707394,Q423
Q7080583,Q884
Q7080586,Q884
Q7083270,Q884
Q709498,Q28208
Q709705,Q423
Q709975,Q503585
Q710805,Q423
Q712012,Q28208
Q7125397,Q884
Q7125400,Q884
Q712673,Q423
Q7137607,Q884
Q7137742,Q884
Q7137762,Q884
Q7137773,Q884
Q7137830,Q884
Q7137845,Q884
Q7137910,Q884
Q7137912,Q884
Q7137915,Q884
Q7137999,Q884
Q7138062,Q884
Q714481,Q423
Q714509,Q423
Q714658,Q423
Q7189091,Q28208
Q7189945,Q884
Q7204311,Q884
Q7204839,Q884
Q7205071,Q884
Q7214248,Q28233
Q7216705,Q28208
Q7217861,Q884
Q7218065,Q884
Q7219738,Q28208
Q72291512,Q884
Q7242942,Q28233
Q7253672,Q884
Q727405,Q17
Q727405,Q423
Q72742,Q423
Q7276140,Q884
Q72993,Q423
Q73125,Q423
Q73196,Q423
Q7322050,Q423
Q73311,Q423
Q7336146,Q884
Q7336236,Q28208
Q73403,Q8646
Q73668649,Q884
Q7376453,Q414
Q7376453,Q884
Q7385296,Q884
Q7385485,Q884
Q7387531,Q884
Q7417738,Q884
Q74499817,Q884
Q74500749,Q884
Q7451472,Q884
Q7451482,Q884
Q7451485,Q884
Q7451534,Q188712
Q7451534,Q884
Q7485160,Q30623
Q7485160,Q884
Q7496795,Q884
Q7497189,Q884
Q7497224,Q884
Q7561047,Q884
Q7606143,Q30
Q760834,Q884
Q7635173,Q884
Q7635174,Q884
Q76630447,Q423
Q7663563,Q884
Q76650924,Q423
Q76655805,Q423
Q76656577,Q423
Q76657224,Q423
Q76657833,Q423
Q76658133,Q423
Q76659518,Q423
Q7674706,Q884
Q768243,Q884
Q77348402,Q884
Q77349500,Q884
Q77554529,Q423
Q77555945,Q423
Q77561335,Q423
Q77571491,Q503585
Q77581202,Q18097
Q77621,Q884
Q77838791,Q423
Q77840,Q884
Q77840844,Q423
Q77841131,Q423
Q77841796,Q423
Q77843446,Q423
Q77846980,Q423
Q7811188,Q423
Q7847945,Q503585
Q7848255,Q884
Q7848332,Q884
Q7849102,Q884
Q7849225,Q884
Q7849457,Q884
Q78777761,Q18097
Q7878002,Q884
Q7880974,Q884
Q7881979,Q30
Q79196,Q884
Q79404428,Q884
Q79404610,Q884
Q7952260,Q884
Q79611370,Q884
Q79903730,Q18097
Q79903736,Q18097
Q79903739,Q18097
Q79903748,Q18097
Q79903751,Q18097
Q79903754,Q884
Q79903775,Q18097
Q79903805,Q884
Q79903836,Q884
Q79903849,Q18097
Q79903853,Q18097
Q79903855,Q884
Q79903885,Q18097
Q79903975,Q884
Q79903994,Q884
Q79904065,Q884
Q79904092,Q884
Q79904210,Q18097
Q79904210,Q884
Q79904221,Q884
Q79904228,Q18097
Q79904234,Q884
Q79904345,Q884
Q79904350,Q18097
Q79904350,Q884
Q79904364,Q884
Q79904394,Q884
Q79904418,Q884
Q79904430,Q884
Q79904577,Q884
Q79904607,Q884
Q79904645,Q884
Q79904710,Q884
Q79905834,Q884
Q79905851,Q884
Q79905855,Q18097
Q79926136,Q884
Q799728,Q884
Q8011047,Q423
Q8017953,Q423
Q8031686,Q884
Q8032130,Q884
Q80334303,Q423
Q8053456,Q884
Q8054832,Q884
Q8055163,Q884
Q8055204,Q884
Q8055205,Q884
Q8059894,Q884
Q8059932,Q884
Q80758,Q884
Q81226529,Q884
Q81226553,Q884
Q81226708,Q884
Q81226735,Q18097
Q81226767,Q884
Q81226874,Q884
Q81227093,Q884
Q81227117,Q884
Q81227174,Q884
Q81508,Q884
Q81531,Q884
Q81568,Q884
Q81604,Q884
Q81694,Q884
Q82787,Q884
Q82788,Q884
Q82790,Q884
Q82792,Q884
Q8287842,Q423
Q8289055,Q423
Q83945397,Q884
Q84040,Q884
Q841146,Q884
Q842800,Q17
Q843300,Q17
Q85011677,Q884
Q8512758,Q28208
Q8512766,Q28179
Q851624,Q423
Q85417970,Q884
Q85632402,Q884
Q85789874,Q884
Q85979291,Q423
Q85979291,Q503585
Q85981736,Q884
Q85983596,Q884
Q85983854,Q28179
Q85983854,Q28208
Q85988710,Q884
Q87511491,Q884
Q87594835,Q884
Q88880206,Q884
Q89035140,Q884
Q89128249,Q30
Q89128249,Q423
Q8924428,Q884
Q892483,Q884
Q900563,Q30
Q9038745,Q884
Q9096235,Q884
Q9118920,Q884
Q9165318,Q884
Q9188538,Q423
Q9210578,Q884
Q92684865,Q884
Q92686670,Q17
Q92688346,Q17
Q9300078,Q884
Q9310188,Q423
Q9310192,Q423
Q93225792,Q884
Q9326975,Q884
Q9358879,Q423
Q93752810,Q884
Q94085999,Q423
Q94187,Q884
Q9448583,Q148
Q94569994,Q884
Q94643438,Q18097
Q94643438,Q30
Q949895,Q884
Q95146056,Q884
Q95548183,Q884
Q95674560,Q884
Q96142016,Q884
Q96427168,Q142
Q96677887,Q423
Q96679880,Q423
Q96742497,Q884
Q96870851,Q884
Q97198138,Q884
Q97206273,Q884
Q97228388,Q884
Q97237782,Q423
Q97338699,Q884
Q97338773,Q884
Q97477938,Q884
Q97571973,Q423
Q98082409,Q884
Q98389209,Q423
Q98428880,Q423
Q98742917,Q18097
Q98759971,Q884
Q98794760,Q18097
Q98918,Q884
Q99517247,Q423
Q99767258,Q884
